i,cpu_mj,gpu_mj,ane_mj,dram_mj,time_s
0,1754.9343348502491,0.9659333379641896,0.0,478.1370022922739,0.5167249579972122
1,1749.9576772420037,0.9631941360465022,0.0,476.7810973430186,0.5152596249972703
2,1765.8187969550952,0.9719242543216248,0.0,481.1025058892042,0.5199297919971286
3,1744.1414360162792,0.9599928189430628,0.0,475.1964453768161,0.5135470839959453
4,1751.8730274703044,0.9642483638900476,0.0,477.3029401255735,0.5158235830022022
5,1770.1285132468035,0.9742963650956062,0.0,482.2767007223251,0.5211987500006217
6,1761.33035229714,0.969453769674633,0.0,479.8796159889433,0.5186082090003765
7,1753.9604561917197,0.9653973054501948,0.0,477.8716661978465,0.5164382080038195
8,1755.9675055029504,0.966502005382356,0.0,478.4184926642661,0.517029165996064
9,1753.8309770174317,0.9653260388229864,0.0,477.8363892173782,0.5164000840013614
10,1754.0766355703215,0.9654612517373848,0.0,477.9033196100055,0.5164724159985781
11,1756.588176151927,0.9668436286897564,0.0,478.5875962014294,0.5172119170019869
12,1756.321002261384,0.96669657351921,0.0,478.51480389200896,0.5171332500030985
13,1761.6994107051369,0.9696569030984088,0.0,479.9801670337124,0.5187168749980628
14,1754.4680583884178,0.9656766947552406,0.0,478.0099639038441,0.5165876669998397
15,1774.358559978593,0.976624624950258,0.0,483.42918935037767,0.5224442500039004
16,1748.1307691525826,0.962188587637126,0.0,476.2833508803774,0.5147217080011615
17,1751.65354389843,0.9641275579459168,0.0,477.2431411832288,0.5157589579976047
18,1750.447303023146,0.9634636309533716,0.0,476.914497321919,0.5154037909960607
19,1744.4536070151348,0.9601646409702193,0.0,475.2814972802585,0.5136389999970561
20,1753.692293957126,0.9652497062852384,0.0,477.798604611193,0.5163592499957304
21,1756.044916544988,0.9665446131909476,0.0,478.43958352951904,0.5170519589955802
22,1758.8267386074654,0.968075755762536,0.0,479.19749910245525,0.5178710420004791
23,1752.6821873344052,0.9646937335389036,0.0,477.52339810175727,0.5160618329973659
24,1766.5958315849296,0.9723519419215564,0.0,481.3142112511703,0.5201585830000113
25,1772.717739954104,0.9757215012653548,0.0,482.98214312635065,0.5219611249995069
26,1752.9806340260625,0.9648580015706766,0.0,477.6047107774849,0.5161497079971014
27,1751.227173545069,0.9638928794565556,0.0,477.126975330995,0.5156334170023911
28,1751.2059468821633,0.9638811960898636,0.0,477.1211920644825,0.5156271669984562
29,1757.8863946286374,0.967558181070272,0.0,478.9412996297846,0.5175941659981618
0,2657.2302568272225,3.2206818339172196,88.19971397258719,547.7172043805472,0.5387941250010044
1,2655.7550291576613,3.218893792047667,88.15074770097205,547.4131255101064,0.5384950000006938
2,2631.4800438270404,3.189471424877165,87.3450039166882,542.409484193173,0.5335728749996633
3,2669.88938949099,3.236025268494856,88.6199003215935,550.3265472234065,0.5413609579991316
4,2657.1776492212534,3.2206180711475327,88.1979678025715,547.7063607245273,0.5387834580033086
5,2629.639447924509,3.1872405403794315,87.28391021518256,542.030094398277,0.5331996659951983
6,2682.5466727478065,3.2513664615086095,89.0400252844389,552.9355088603079,0.5439274160016794
7,2626.5176171264575,3.1834567419246245,87.18028931791498,541.3866121735565,0.5325666669959901
8,2667.8957102100285,3.2336088401005334,88.55372542316981,549.915603369597,0.540956708995509
9,2636.6444724943553,3.1957309432416907,87.51642343523338,543.47399353504,0.5346200419953675
10,2646.795163355197,3.2080340342415106,87.85334870855138,545.5662879481969,0.5366782500059344
11,2640.0918077072843,3.199909267595471,87.63084858863014,544.1845698204548,0.5353190419991734
12,2658.6541147687635,3.2224076133804846,88.24697516226348,548.0106947505187,0.539082834002329
13,2646.495348756272,3.2076706455476565,87.8433971577582,545.5044891584483,0.5366174580049119
14,2646.851676931325,3.2081025312216047,87.85522452689166,545.5779367158741,0.5366897089988925
15,2627.7322775701255,3.184928964670564,87.22060675123868,541.6369820542878,0.5328129580011591
16,2634.762163402664,3.1934495004943595,87.45394517499658,543.086005677822,0.5342383750030422
17,2616.753659151691,3.1716223884674246,86.85620061750895,539.3740324387413,0.5305868750001537
18,2606.2445885045313,3.158884925149107,86.50737987726043,537.20786758317,0.5284560000000056
19,2616.0648480189943,3.170787518588769,86.83333735801952,539.2320523800025,0.5304472079951665
20,2636.05594483369,3.1950176214132218,87.49688881974333,543.3526842415861,0.5345007089999854
21,2619.521223253956,3.1749767998532894,86.94806257098227,539.9444920250501,0.5311480410018703
22,2617.590015202315,3.172636089381002,86.88396123940265,539.5464249503566,0.5307564589966205
23,2623.651619066763,3.1799830241829334,87.08516011017637,540.7958630501101,0.5319855420020758
24,2680.8971894189067,3.249367213991731,88.98527505816938,552.5955118294687,0.5435929579980439
25,2609.698088455142,3.1630707214404854,86.62200965278161,537.9197145649725,0.5291562499987776
26,2652.297213840436,3.214702765339081,88.03597468829628,546.7003890304774,0.5377938749952591
27,2644.209864140843,3.2049005360459684,87.7675365548422,545.0333974113175,0.5361540410012822
28,2611.6697816859955,3.165460501759429,86.6874547825577,538.3261265804629,0.5295560409940663
29,2654.1871229077806,3.216993419596578,88.09870520957712,547.0899434201431,0.5381770829990273
0,1851.2929834808735,1.525707090391358,0.0,489.00607477143456,0.5257506659982027
1,1815.007070744064,1.4958027614505225,0.0,479.4214050755753,0.5154457909957273
2,1824.3835418159383,1.5035301976396394,0.0,481.8981342345893,0.5181086250013323
3,1816.9370047177165,1.4973932789827893,0.0,479.9311836170838,0.5159938750002766
4,1807.6972774020392,1.4897785374996202,0.0,477.4905743634894,0.5133698749996256
5,1815.024824844166,1.4958173931466672,0.0,479.426094696764,0.5154508330015233
6,1813.8409566037556,1.4948417311717122,0.0,479.1133841931024,0.5151146249991143
7,1811.0336499636064,1.4925281440280254,0.0,478.3718538070269,0.5143173749966081
8,1817.0066970315177,1.4974507145471547,0.0,479.9495923536358,0.5160136669946951
9,1811.1938662876305,1.4926601831940254,0.0,478.41417382683176,0.5143628750010976
10,1810.1798942357495,1.4918245378570545,0.0,478.1463402113843,0.5140749159982079
11,1820.6221276923989,1.5004303013782752,0.0,480.9045830395303,0.5170404169984977
12,1833.386465897124,1.5109497823447535,0.0,484.2761935724085,0.5206653749992256
13,1812.1079196707988,1.4934134825043668,0.0,478.6556146257886,0.5146224579948466
14,1817.8033770455752,1.498107282879162,0.0,480.16002979924787,0.5162399170003482
15,1815.245345843485,1.4959991312374197,0.0,479.4843437741623,0.5155134589949739
16,1814.2052567911392,1.495141962082693,0.0,479.20961153597057,0.5152180829973076
17,1823.507045929918,1.502807850609789,0.0,481.66661398544414,0.5178597080011969
18,1835.8032074173789,1.5129414928443867,0.0,484.9145589176576,0.5213517079973826
19,1815.3267709568293,1.496066236160235,0.0,479.5058516475349,0.5155365829996299
20,1817.835656233042,1.4981338851434334,0.0,480.1685561205276,0.5162490840011742
21,1813.5350490943129,1.4945896234500682,0.0,479.0325808671185,0.5150277499997173
22,1814.531999481375,1.495411240713182,0.0,479.2959183290272,0.5153108750018873
23,1817.4332034128167,1.4978022114824598,0.0,480.06225102692264,0.5161347909961478
24,1821.465316194058,1.5011251987753895,0.0,481.1273053763877,0.5172798749990761
25,1816.57387709804,1.4970940144206697,0.0,479.83526599976256,0.5158907500008354
26,1816.7858837805795,1.497268735602917,0.0,479.89126608001936,0.5159509580043959
27,1851.948081561477,1.5262469767277709,0.0,489.17911434099193,0.5259367079997901
28,1831.3319716804565,1.5092566109118646,0.0,483.7335133151516,0.5200819169986062
29,1819.9536770921384,1.4998794108225963,0.0,480.728016495429,0.5168505830006325
0,1798.1720573041905,1.3072495663211317,0.0,483.6823395388187,0.5218875000064145
1,1778.4095800113162,1.2928824818335258,0.0,478.3665182784046,0.5161517919987091
2,1779.3928443092848,1.2935973032110897,0.0,478.6310021881031,0.5164371669961838
3,1788.721435880799,1.3003790776451396,0.0,481.14025872870167,0.5191446250028093
4,1773.9815157607254,1.289663332115503,0.0,477.17543288273623,0.5148666250024689
5,1777.9932479026747,1.292579813372932,0.0,478.2545309479849,0.5160309589991812
6,1778.2917123371087,1.2927967934449398,0.0,478.3348135746278,0.5161175829998683
7,1777.008977493155,1.2918642605643114,0.0,477.9897764087952,0.5157452919956995
8,1807.2129482028497,1.3138221858090284,0.0,486.11420874934055,0.5245114580029622
9,1754.4484513303544,1.275463028033475,0.0,471.9213203723859,0.5091975000032107
10,1775.5038586790918,1.290770057198758,0.0,477.5849211635405,0.5153084579942515
11,1786.1638599055125,1.2985197505184911,0.0,480.45230769184184,0.5184023340043495
12,1780.7071642069795,1.2945527980477989,0.0,478.9845352776855,0.5168186250011786
13,1775.8797060100978,1.2910432937105063,0.0,477.6860186728873,0.5154175410061725
14,1780.113098568184,1.2941209194377807,0.0,478.8247401919788,0.5166462080014753
15,1785.158912954736,1.2977891661118202,0.0,480.18199146137346,0.5181106660020305
16,1777.3925771953193,1.292143132957116,0.0,478.09295919413296,0.5158566249956493
17,1790.8697154837926,1.3019408512073205,0.0,481.71811494670857,0.5197681249992456
18,1803.151834893606,1.3108698050339378,0.0,485.021827862557,0.5233327919995645
19,1790.2618712334158,1.301498955711576,0.0,481.5546136132831,0.5195917090022704
20,1815.5910112672468,1.3199129373937035,0.0,488.3677868356704,0.5269430419939454
21,1782.178110375644,1.2956221583091028,0.0,479.380198574368,0.5172455409992835
22,1787.922647963148,1.2997983683883751,0.0,480.9253963036988,0.5189127909980016
23,1801.2898191339896,1.3095161418600751,0.0,484.5209724882278,0.5227923749989714
24,1840.8703326220395,1.3382907014923673,0.0,495.16755955217593,0.5342799159989227
25,1787.1828714348917,1.299260559705491,0.0,480.72640709103166,0.5186980840007891
26,1795.5368124903796,1.3053337748783658,0.0,482.9734967049953,0.5211226670071483
27,1806.5717961022324,1.3133560759047658,0.0,485.94174808476333,0.5243253749940777
28,1786.9277584928166,1.2990750956496262,0.0,480.6577853903617,0.518624042000738
29,1783.093470454418,1.2962876141319446,0.0,479.62641722881955,0.5175112080032704
0,2687.8501392051385,4.536624830061914,90.5323513881473,545.295633066339,0.533217666001292
1,2715.9020526639206,4.5839715944040265,91.47719784715092,550.9866445126663,0.5387826250007492
2,2673.3710411979728,4.512186624010875,90.04466542327584,542.3581966375424,0.5303452920052223
3,2703.820067538137,4.563579299119931,91.0702516015551,548.5355206081875,0.5363857920019655
4,2705.407081577771,4.5662579035528355,91.1237055164882,548.8574849218985,0.5367006250016857
5,2719.8013326503037,4.59055290269483,91.60853366113064,551.7777080908264,0.5395561670011375
6,2670.1455514399586,4.506742556757318,89.93602425764236,541.7038277596462,0.529705417000514
7,2681.5195141422946,4.525939832996414,90.31912284376668,544.0113121322969,0.5319617919958546
8,2686.408260218842,4.5341911884255115,90.48378592196204,545.0031129205282,0.532931624999037
9,2702.8992774628973,4.562025165183043,91.03923748754984,548.3487159944647,0.5362031249969732
10,2673.7677934425333,4.512856272983414,90.0580288593896,542.4386874592636,0.5304240000041318
11,2688.1582638770965,4.537144891064263,90.54272966432654,545.3581436340257,0.5332787919978728
12,2691.1459936483657,4.542187660699427,90.64336258189886,545.9642771283349,0.5338715000034426
13,2656.138394417006,4.483100905229939,89.46423424113277,538.8621360131899,0.5269266670002253
14,2678.044504222127,4.520074618988164,90.2020773230432,543.3063220338199,0.5312724169998546
15,2659.0881063671914,4.488079507377266,89.56358663986693,539.4605566698249,0.5275118330027908
16,2692.3906558823523,4.544288434664978,90.68528538000552,546.2167870696205,0.534118417002901
17,2691.348679635582,4.542529759490167,90.65018946511994,546.0053968998952,0.5339117089970387
18,2666.9830718379812,4.501404839718101,89.82950540437447,541.0622420211162,0.5290780419963994
19,2645.0410412408464,4.464370497893383,89.09045243590177,536.6107685960524,0.5247251660039183
20,2680.2158340883634,4.523739447187379,90.27521220343048,543.7468289939123,0.5317031669983407
21,2659.214756748915,4.488293271254235,89.56785248664701,539.4862507734778,0.5275369579976541
22,2669.225814940643,4.505190201073849,89.90504563025314,541.5172368893692,0.5295229590046802
23,2704.503515961487,4.5647328415151005,91.09327155788225,548.6741747077011,0.5365213749973918
24,2722.9180265552013,4.595813341418859,91.71351035743224,552.4100050895154,0.5401744590053568
25,2659.728082845366,4.489159676669146,89.58514237117693,539.5903914302245,0.527638792002108
26,2715.307655172741,4.582968354536565,91.45717731038408,550.8660565559501,0.5386647079940303
27,2689.5938418367864,4.5395678976606595,90.59108289890465,545.6493854636676,0.5335635829978855
28,2707.2692433189036,4.569400909581777,91.18642697503635,549.2352696245097,0.5370700420025969
29,2679.7924058632752,4.523024773786632,90.2609502651244,543.6609263021328,0.5316191669990076
0,2673.158058917114,4.165419647708787,83.94664273890531,544.3598821864588,0.5358459170020069
1,2687.7056371085996,4.188088254162213,84.40348828347878,547.3223399895053,0.5387620410037925
2,2666.159993555215,4.1545149880096846,83.72687866964678,542.9348014572333,0.5344431249977788
3,2634.213598200858,4.104734862798376,82.72364856558987,536.4292617068362,0.5280393339999137
4,2701.800294002141,4.2100511008993236,84.84611049312427,550.1925652425285,0.5415873750025639
5,2652.2567818234234,4.132850458626293,83.2902685169928,540.103561951928,0.5316561669969815
6,2614.3387398209356,4.073765079580733,82.09950753122784,532.3819606016596,0.5240553339972394
7,2639.0160205062334,4.1122181854401765,82.87446165657259,537.4072233472424,0.5290020000029472
8,2647.3959472152146,4.125276115645056,83.13762107255641,539.1137052744205,0.5306817919990863
9,2626.463490955262,4.09265834196379,82.48026771425411,534.8510357380904,0.526485791997402
10,2657.5557862703176,4.141107575021921,83.45667604822403,541.1826472034695,0.5327183750050608
11,2678.8116729006333,4.174229330581431,84.12418626712093,545.51117985542,0.5369792080018669
12,2615.8421950634834,4.0761078224596545,82.1467213574732,532.6881230883766,0.5243567080033245
13,2685.4360020934346,4.184551619935231,84.3322136953076,546.8601532342776,0.5383070829993812
14,2661.006074609918,4.146483949528505,83.56502733767526,541.885261307334,0.5334099999963655
15,2645.4202246610894,4.122197467333213,83.07557637794919,538.7113706301187,0.530285749999166
16,2661.343642905499,4.147009961675884,83.57562817925836,541.9540034593364,0.5334776669988059
17,2647.3003294066293,4.125127120228483,83.1346183342821,539.094233736311,0.5306626250021509
18,2638.4261103379135,4.111298964297489,82.85593638531795,537.2870944874259,0.5288837499974761
19,2639.055720329314,4.112280047260326,82.87570837180286,537.4153077891417,0.5290099580015521
20,2637.2092940764005,4.109402873512116,82.81772403957079,537.0393029456761,0.5286398339958396
21,2639.669740719435,4.113236837895497,82.89499078952296,537.5403464362623,0.5291330410036608
22,2638.0058149458537,4.1106440435463245,82.84273761953439,537.2015058521628,0.5287994999962393
23,2657.784845972612,4.14146450482682,83.46386933517923,541.2292927477308,0.5327642909978749
24,2642.2511725151435,4.117259326085148,82.97605690231278,538.066027251692,0.5296505000005709
25,2647.220924751434,4.125003388782911,83.13212474652012,539.0780638324765,0.5306467080008588
26,2669.2722995917047,4.159364705246131,83.82461611621034,543.5685891009158,0.5350669999970705
27,2667.51108981616,4.156620319152568,83.76930788356667,543.2099376763497,0.5347139579971554
28,2644.681073525797,4.121045693067077,83.05236441108569,538.5608504528385,0.5301375840062974
29,2660.6874234022303,4.145987414728836,83.55502055973677,541.8203714167805,0.5333461250047549
0,1786.9876176050948,0.9744578121988632,0.0,485.98563233904,0.5244097500035423
1,1782.494248517345,0.9720075441793689,0.0,484.7636245333176,0.5230911249964265
2,1789.6608931992605,0.9759155695225464,0.0,486.71265110360656,0.5251942500035511
3,1757.1659998786438,0.9581958593573018,0.0,477.8754039270571,0.5156582919953507
4,1774.29452682005,0.9675361741558348,0.0,482.53364437295994,0.5206848329980858
5,1774.592693303347,0.9676987665857556,0.0,482.61473314240624,0.5207723329949658
6,1773.3727698210766,0.967033533119182,0.0,482.28296515526654,0.5204143340015435
7,1782.7985214602406,0.9721734665077184,0.0,484.84637400348737,0.5231804169961833
8,1756.4093657710655,0.9577832610774696,0.0,477.6696312056359,0.515436249996128
9,1768.703196283028,0.9644871794853014,0.0,481.01303713434186,0.5190440000005765
10,1768.6684113239016,0.9644682109849976,0.0,481.0035770853799,0.5190337919993908
11,1779.504490507408,0.9703772066097822,0.0,483.950535834389,0.5222137500022654
12,1777.5417030532524,0.9693068838221228,0.0,483.4167400248056,0.5216377499964437
13,1800.5370152626765,0.9818464008314552,0.0,489.6704998353564,0.5283859589981148
14,1773.0453523522408,0.9668549899064512,0.0,482.193921345414,0.5203182500044932
15,1768.900981174923,0.9645950330770908,0.0,481.06682632392983,0.519102041995211
16,1769.166632213147,0.9647398945898208,0.0,481.1390722569855,0.5191800000029616
17,1763.204154234821,0.96148851042308,0.0,479.517528491345,0.5174302500017802
18,1771.3954965865237,0.9659553111263268,0.0,481.74522982138154,0.5198340829956578
19,1767.0888376996136,0.9636068575861454,0.0,480.5739993540834,0.5185702500020852
20,1767.2573750274971,0.9636987622609094,0.0,480.619834433777,0.5186197090006317
21,1785.681222404281,0.9737454250526344,0.0,485.6303476736638,0.5240263750019949
22,1765.3002646808288,0.9626315352427376,0.0,480.0875825591626,0.5180453749999288
23,1766.7130081954772,0.9634019149257976,0.0,480.4717895024762,0.5184599589993013
24,1760.5667983320147,0.9600503403777368,0.0,478.8002783752831,0.5166562910017092
25,1766.236221217194,0.9631419193941186,0.0,480.34212345507376,0.5183200409956044
26,1761.720706069687,0.9606795749613756,0.0,479.11409285056465,0.5169949170012842
27,1768.10288660893,0.9641598260968948,0.0,480.84977809791,0.5188678330014227
28,1774.1884647492209,0.9674783377094716,0.0,482.50479994110646,0.5206537080011913
29,1779.7001456472087,0.9704838988317078,0.0,484.00374582079274,0.5222711669994169
0,1751.7597276163842,2.1636114978065435,0.0,477.192837423917,0.5169033329948434
1,1745.561903408539,2.155956518926692,0.0,475.50450238973934,0.515074499999173
2,1755.551400507329,2.168294621258601,0.0,478.2257183132816,0.5180221670016181
3,1755.4356102341385,2.168151607829042,0.0,478.1941761513408,0.5179879999996047
4,1755.2582529116012,2.167932552477893,0.0,478.1458626511243,0.5179356660009944
5,1777.5037499482094,2.195408131693496,0.0,484.20570732243016,0.5244997919944581
6,1759.7950712124805,2.173536010580334,0.0,479.3817268873795,0.5192743749939837
7,1740.7323645120769,2.149991519434606,0.0,474.188898809454,0.513649416003318
8,1747.5190222160466,2.1583737709548907,0.0,476.0376366216817,0.5156519999945886
9,1756.439586774069,2.1693916267375015,0.0,478.4676670909049,0.5182842499998515
10,1760.364557240052,2.174239387018135,0.0,479.5368592660305,0.5194424170040293
11,1749.0142542489482,2.160220543184708,0.0,476.4449493399381,0.5160932080034399
12,1757.185579477356,2.1703130078862207,0.0,478.67088124702866,0.5185043750025216
13,1753.1326761480982,2.1653072367725006,0.0,477.56683917493183,0.5173084580019349
14,1761.5785063732396,2.175738744641735,0.0,479.8675483566755,0.5198006250066101
15,1759.8886909634932,2.173651641032684,0.0,479.4072296283778,0.5193019999933313
16,1744.5668228570237,2.1547274875198386,0.0,475.2334347859139,0.5147808749970864
17,1751.7886760415424,2.163647252222248,0.0,477.2007231978177,0.5169118749981862
18,1754.5385279543257,2.1670436148180814,0.0,477.9498040312618,0.5177232919959351
19,1740.735333244333,2.1499951861379456,0.0,474.1897075149783,0.5136502920067869
20,1752.7776869870786,2.1648687870135124,0.0,477.47013739424176,0.5172037090014783
21,1755.2290265923716,2.1678964548331496,0.0,478.137901176739,0.5179270419976092
22,1757.0189549564705,2.170107208698398,0.0,478.62549144461894,0.5184552080027061
23,1780.1372456652791,2.1986607818846435,0.0,484.9230918322808,0.5252768749996903
24,1761.1651967645432,2.17522826286308,0.0,479.7549596370018,0.5196786670057918
25,1759.5771922246654,2.1732669066183377,0.0,479.32237497354595,0.5192100839994964
26,1743.5317832092846,2.1534491023353697,0.0,474.9514820166132,0.5144754590000957
27,1746.5222472011149,2.1571426467036403,0.0,475.7661074329752,0.5153578749959706
28,1738.2321697728296,2.1469035102748384,0.0,473.50782651230895,0.512911666999571
29,1754.4581827370755,2.166944379841335,0.0,477.9279173754673,0.5176995840010932
0,1775.5126657413036,1.5967139663809382,0.0,478.7480709198846,0.5172363329984364
1,1775.0070612028924,1.596259277522039,0.0,478.6117400436914,0.5170890419976786
2,1778.486234577878,1.5993880891754215,0.0,479.54986207109727,0.5181025829951977
3,1773.9054521964044,1.5952686033803731,0.0,478.3147029135485,0.5167681249949965
4,1767.9182652955085,1.5898843416240636,0.0,476.7003217636151,0.5150239579961635
5,1786.6661938054838,1.6067443054363133,0.0,481.75550091332127,0.5204855409974698
6,1776.3588275952677,1.5974749175563998,0.0,478.9762294473272,0.5174828340022941
7,1769.0324619649873,1.5908863358186305,0.0,477.00075302295267,0.5153485419941717
8,1775.2552139057666,1.5964824406084646,0.0,478.6786517757713,0.5171613330021501
9,1777.8539053954712,1.5988194371706346,0.0,479.3793612449952,0.5179183750005905
10,1781.685358726182,1.6022650532806884,0.0,480.41247180865975,0.5190345410010195
11,1782.0121818251405,1.6025589644516485,0.0,480.50059617475256,0.5191297499986831
12,1789.0516293471374,1.6088895214737722,0.0,482.39870818855275,0.521180457995797
13,1768.7971784558893,1.590674745965015,0.0,476.9373113318437,0.5152799999996205
14,1808.8365189834235,1.6266820217555849,0.0,487.7334928563829,0.5269441249984084
15,1797.7783922912574,1.6167374769082972,0.0,484.75178682633776,0.5237227090037777
16,1763.9779647754062,1.5863408395169931,0.0,475.6378617151784,0.513876083001378
17,1780.6474021018207,1.6013316215622933,0.0,480.1325978650942,0.5187321669945959
18,1774.9286825528252,1.5961887918039457,0.0,478.5906060758831,0.5170662089949474
19,1778.508402904317,1.5994080250942804,0.0,479.55583952410177,0.5181090409969329
20,1771.8283856255512,1.5934007027639616,0.0,477.7546440453945,0.5161630410002545
21,1780.4857807279786,1.6011862758771516,0.0,480.08901838383264,0.5186850840036641
22,1793.6520089886435,1.6130266310342836,0.0,483.6391515384461,0.5225206250033807
23,1768.692625535085,1.590580721792676,0.0,476.9091197508373,0.5152495419970364
24,1790.019936648973,1.6097603177358446,0.0,482.6598019344641,0.5214625419976073
25,1771.4579433126603,1.5930675649462802,0.0,477.6547582230597,0.516055125001003
26,1775.868522551646,1.597033987493752,0.0,478.84402391687667,0.5173399999985122
27,1771.2442582749284,1.5928753985423243,0.0,477.597140329607,0.5159928749999381
28,1797.5561220881275,1.6165375898872154,0.0,484.6918540345168,0.5236579580014222
29,1771.974422602043,1.593532033440713,0.0,477.7940213599738,0.5162055839973618
0,1795.080121367291,2.3187907813079054,0.0,486.2403451412186,0.5233609579954646
1,1779.6926984637155,2.298914111764198,0.0,482.0722939582054,0.5188747089996468
2,1815.206967652506,2.3447895905351,0.0,491.69218239786034,0.5292289999997593
3,1778.7127427770808,2.2976482561707834,0.0,481.80684954398646,0.5185889999993378
4,1778.7051695446603,2.297638473464534,0.0,481.8047981530195,0.5185867920008604
5,1781.2344422536917,2.30090565589907,0.0,482.4899121044006,0.5193242089953856
6,1776.1563189074311,2.2943460012844983,0.0,481.1143810519624,0.5178436670030351
7,1776.2419225500996,2.2944565796008103,0.0,481.1375688441177,0.5178686250001192
8,1773.7140800868076,2.2911912446830485,0.0,480.4528423089714,0.5171316249980009
9,1782.3990367731817,2.302410018296943,0.0,482.8053703585286,0.5196637499975623
10,1780.5187335949888,2.2999811408202455,0.0,482.29604531200187,0.5191155420034193
11,1777.5224205297602,2.2961106600373196,0.0,481.4844223199996,0.5182419580014539
12,1768.055444748717,2.283881714985425,0.0,478.9200657119437,0.5154818330047419
13,1777.3892268957047,2.2959386074547634,0.0,481.44834364149233,0.5182031250005821
14,1781.2107176085894,2.3008750096411688,0.0,482.48348571736335,0.5193172920044162
15,1772.853313724588,2.29007935163615,0.0,480.2196831713544,0.5168806660003611
16,1770.9595755799237,2.2876331195711908,0.0,479.706718943124,0.5163285410017124
17,1786.4787687097223,2.3076800030135325,0.0,483.9104632406203,0.5208532079996075
18,1763.9964363145286,2.2786384998072204,0.0,477.8205862856619,0.5142984170015552
19,1795.3519416276438,2.3191419045287445,0.0,486.31397415400585,0.5234402080022846
20,1791.298932109912,2.31390643843762,0.0,485.2161196775931,0.5222585410010652
21,1774.3506127860628,2.2920134843911626,0.0,480.6252624008077,0.5173172080030781
22,1777.8562672269466,2.2965419057709173,0.0,481.57485267535367,0.5183392920007464
23,1777.8481211824924,2.2965313831359886,0.0,481.5726461245597,0.5183369169972138
24,1781.717483114438,2.301529622863865,0.0,482.6207552640183,0.519465040997602
25,1774.9085456819907,2.292734192976961,0.0,480.7763918577341,0.5174798750012997
26,1776.865308398377,2.2952618368932156,0.0,481.3064277972165,0.5180503750016214
27,1779.5730804224474,2.298759595423635,0.0,482.0398925533996,0.5188398340033018
28,1777.118548815509,2.295588959642619,0.0,481.3750240154935,0.5181242079997901
29,1792.9830205511932,2.3160818559613663,0.0,485.6722952739856,0.5227495420040214
0,1756.762206346076,1.7661260064937123,0.0,477.9203619836382,0.5165056249970803
1,1737.2024963244835,1.746462040349734,0.0,472.59921854143175,0.5107548750020214
2,1745.8245097130402,1.755130010333867,0.0,474.9448039284589,0.5132898330048192
3,1762.5196639368455,1.7719141521776365,0.0,479.4866560477672,0.518198375000793
4,1754.595330933374,1.7639475813173395,0.0,477.33087191043927,0.5158685419955873
5,1759.237319588572,1.768614312452708,0.0,478.5937069659762,0.5172333329974208
6,1765.817171014456,1.7752292354514725,0.0,480.3837300914154,0.5191678749979474
7,1777.7301747206948,1.7872057372142267,0.0,483.624616662763,0.522670417005429
8,1777.4321406047927,1.7869061145327874,0.0,483.5435376345139,0.5225827920003212
9,1750.3844466906353,1.7597142524441598,0.0,476.18531714253095,0.5146304999943823
10,1750.895908925981,1.760228440848214,0.0,476.32445846500167,0.5147808749970864
11,1752.491378563241,1.7618324145725786,0.0,476.75849980754566,0.5152499589967192
12,1754.6504583242747,1.764003002545317,0.0,477.34586910386673,0.5158847499988042
13,1755.3462952571251,1.7647025483910477,0.0,477.5351688495171,0.5160893330030376
14,1758.3116163303305,1.7676836750603675,0.0,478.34187297576966,0.5169611669989536
15,1756.9949093324376,1.7663599498211118,0.0,477.98366793083744,0.5165740419979556
16,1767.5214805057878,1.7769426291622896,0.0,480.8473808951992,0.5196689590011374
17,1727.3986897363202,1.7366059780349583,0.0,469.93213088636554,0.5078724580016569
18,1756.8116672700412,1.7661757310516548,0.0,477.9338176366573,0.5165201670024544
19,1752.963015612889,1.7623065655168555,0.0,476.88680684231593,0.5153886249972857
20,1764.7681692091678,1.7741746423127505,0.0,480.0983532084805,0.518859457995859
21,1745.3025614216867,1.754605279981589,0.0,474.8028099150179,0.5131363749969751
22,1757.216415420918,1.7665826365695223,0.0,478.0439278052847,0.5166391669990844
23,1770.0688667966224,1.7795035933955687,0.0,481.5403874807405,0.5204179159991327
24,1755.7857633216242,1.765144358884768,0.0,477.6547244363272,0.5162185410008533
25,1762.728840517084,1.7721244436997183,0.0,479.5435617271955,0.5182598750034231
26,1771.145646571987,1.7805861125650204,0.0,481.83332125297215,0.5207345000017085
27,1756.8595670096458,1.7662238861038948,0.0,477.94684857551056,0.5165342500040424
28,1758.2892259249506,1.767661165310844,0.0,478.3357817526061,0.5169545839962666
29,1755.9440640749146,1.7653035034042843,0.0,477.6977895438538,0.5162650830025086
0,1752.373482100309,0.831233626527545,0.0,476.26361865522216,0.5163796670021839
1,1753.2505788590777,0.8316496750052546,0.0,476.50199779101064,0.5166381249946426
2,1752.8381169148636,0.8314540247964403,0.0,476.3898980473684,0.5165165830039768
3,1752.9431786106506,0.8315038605279725,0.0,476.4184519281072,0.5165475419998984
4,1765.114376950317,0.8372772355752489,0.0,479.7263648951946,0.5201340830026311
5,1756.9934111913135,0.8334250774093588,0.0,477.5192323524662,0.5177410420001252
6,1756.6034316596722,0.8332400916722034,0.0,477.41324292450565,0.5176261250016978
7,1763.462414839216,0.8364936318112554,0.0,479.2773912825768,0.5196472919997177
8,1753.3060095523142,0.8316759684048242,0.0,476.517062857228,0.5166544590028934
9,1755.2444471139736,0.8325954610247673,0.0,477.0438953487507,0.5172256669975468
10,1763.860454125097,0.8366824406710577,0.0,479.3855712068892,0.5197645840016776
11,1759.238261513727,0.8344899160944743,0.0,478.12934232549,0.5184025420021499
12,1748.4565865038344,0.8293756576843477,0.0,475.19907682682384,0.5152254580025328
13,1773.3545454320447,0.841185937230592,0.0,481.9658945956399,0.5225622500001919
14,1776.3548905408898,0.8426091428263935,0.0,482.7813344738104,0.523446375002095
15,1744.0009641467575,0.827262145257835,0.0,473.9881187469291,0.5139124999986961
16,1748.8014619995813,0.8295392484439423,0.0,475.2928077884412,0.5153270839946344
17,1750.1488506947946,0.8301783786310312,0.0,475.65900382043566,0.5157241249980871
18,1750.578277165131,0.8303820759169757,0.0,475.7757142173904,0.5158506660009152
19,1747.6397256783089,0.8289881819588212,0.0,474.9770687351262,0.5149847499997122
20,1762.187984626153,0.8358891092830492,0.0,478.93102405481585,0.5192717499958235
21,1752.5626705211123,0.8313233675437882,0.0,476.31503666788893,0.5164354159933282
22,1764.9995621069563,0.837222773464517,0.0,479.6951602842297,0.520100250003452
23,1783.0733219996505,0.8457960126364461,0.0,484.6072834001782,0.5254261250011041
24,1751.7065019429492,0.830917246292003,0.0,476.0823454354661,0.5161831250006799
25,1745.6457182867375,0.8280423299402027,0.0,474.43513336253847,0.5143971669967868
26,1752.6965776323325,0.8313868860201942,0.0,476.3514302141304,0.5164748749957653
27,1752.178208974687,0.8311409992480111,0.0,476.2105469291404,0.5163221250040806
28,1762.0314559656858,0.8358148603358786,0.0,478.888482378045,0.5192256250011269
29,1752.354532351862,0.831224637765569,0.0,476.2584684541605,0.5163740829957533
0,1747.0589457116464,3.0201243148830725,0.0331881792844293,476.8145717793967,0.5152042500048992
1,1747.3293781548232,3.020591808895897,0.0331933165812735,476.8883793231577,0.5152840000009746
2,1750.1044899098858,3.025389118401999,0.0332460342681538,477.6457743305661,0.5161023750042659
3,1751.6777760699365,3.028108843341962,0.0332759213554061,478.07516211312054,0.5165663340012543
4,1766.1522672194958,3.0531307596165367,0.0335508874683135,482.0256002572614,0.5208348329979344
5,1766.7483783587693,3.0541612513183263,0.0335622115529486,482.1882933812131,0.5210106250015087
6,1754.7747482092896,3.0334625498574375,0.0333347532951366,478.9204005912286,0.517479624999396
7,1753.3064440845665,3.030924306371375,0.0333068605095755,478.51966494107194,0.5170466249983292
8,1749.3128298275074,3.0240205830873874,0.0332309954185427,477.42971117820326,0.5158689160016365
9,1757.5330439768445,3.038230789724603,0.0333871515354352,479.6732061095975,0.5182930410010158
10,1749.9246243251405,3.0250781864627907,0.033242617433657,477.59668466935074,0.5160493329967721
11,1748.560030649437,3.022719226251378,0.0332166947939711,477.224254104984,0.5156469170033233
12,1753.7423269355932,3.0316778129431237,0.0333151408015727,478.6386278961962,0.5171751659945585
13,1756.9680215412786,3.0372540407715727,0.0333764180304568,479.51899784357346,0.5181264169950737
14,1753.7127980950845,3.031626766715158,0.0333145798540127,478.63056876260094,0.5171664579975186
15,1754.327702153926,3.032689745559683,0.0333262609402163,478.79839092808754,0.5173477919961442
16,1746.7611037466984,3.0196094382885876,0.0331825212998745,476.73328351529824,0.5151164169947151
17,1749.0789930550138,3.023616351665171,0.0332265533150018,477.365891476632,0.5157999579969328
18,1745.504313415313,3.0174368367013065,0.0331586465571572,476.3902750866777,0.5147457919956651
19,1750.3038537106063,3.025733756723185,0.0332498215024525,477.7001855257362,0.5161611669973354
20,1748.1413808301063,3.0219955102589178,0.0332087418709771,477.1099944603282,0.5155234579942771
21,1757.5372861178564,3.0382381230737434,0.0333872321216894,479.6743638923129,0.5182942920000642
22,1749.8696629689396,3.024983175284921,0.0332415733547793,477.5816843881149,0.5160331250008312
23,1781.692526770394,3.07999505967033,0.0338460995568168,486.2669123327872,0.5254176250018645
24,1759.469025002054,3.0415775018557194,0.033423928591821,480.2015820786936,0.5188639580010204
25,1751.8266953376512,3.028366278674916,0.0332787503151089,478.1158057771706,0.5166102500006673
26,1755.287352510616,3.034348684076406,0.0333444910338066,479.06030268270024,0.5176307910005562
27,1765.1312939975094,3.0513658128411953,0.0335314924488043,481.746952011972,0.5205337500010501
28,1767.6126601371138,3.0556553270735236,0.0335786299678409,482.4241767479705,0.5212654999995721
29,1751.5500471769017,3.027888039609773,0.0332734949407667,478.0403018139957,0.516528667001694
0,1769.4405246627896,0.166922052437907,0.0,480.50182014775913,0.5185789590032073
1,1764.845139373689,0.1664885418827298,0.0,479.25391666362606,0.5172321659993031
2,1769.8090308676667,0.1669568158623888,0.0,480.6018901414725,0.5186869589961134
3,1761.667486286026,0.1661887746015269,0.0,478.39100656795546,0.5163008750023437
4,1770.120524418555,0.1669862009375641,0.0,480.6864780188722,0.5187782499997411
5,1758.7666359534974,0.1659151198024128,0.0,477.6032638632257,0.5154507080005715
6,1763.4970787592622,0.1663613711519624,0.0,478.887842998039,0.5168370829997002
7,1766.3960797342909,0.1666348514899712,0.0,479.6750834990312,0.5176867080008378
8,1777.8972580842958,0.1677198273729572,0.0,482.7982950757946,0.5210574169977917
9,1769.0387471033746,0.1668841503248344,0.0,480.3927151250683,0.5184612080047373
10,1764.9314380729104,0.1664966829622382,0.0,479.27735157509903,0.5172574579992215
11,1772.566856441291,0.1672169782688663,0.0,481.3507936447587,0.5194952090023435
12,1754.57331486777,0.1655195384011707,0.0,476.46454324161,0.5142217500033439
13,1762.1909595977615,0.1662381570127317,0.0,478.5331587768496,0.5164542919956148
14,1773.2691781297697,0.1672832325317695,0.0,481.5415131659517,0.5197010420015431
15,1763.9601307223377,0.1664050536510261,0.0,479.0135874398439,0.5169727920001606
16,1762.9672077460498,0.1663113852067893,0.0,478.7439534562638,0.5166817909994279
17,1765.03607677191,0.1665065541651173,0.0,479.3057668197068,0.5172881249964121
18,1785.6370251313474,0.1684499665230885,0.0,484.9000736333626,0.5233257500003674
19,1759.353089729241,0.1659704435426248,0.0,477.7625187818,0.5156225829996401
20,1767.829302824657,0.1667700561134161,0.0,480.06428352807984,0.518106750001607
21,1766.6443096032374,0.1666582685184745,0.0,479.74249175728073,0.5177594579945435
22,1767.7985939618377,0.166767159160205,0.0,480.05594435856625,0.5180977499985602
23,1772.0661315525292,0.1671697418543195,0.0,481.2148189018443,0.519348459005414
24,1759.33233396092,0.1659684855251613,0.0,477.75688243272936,0.5156165000007604
25,1759.9227696447715,0.1660241849029066,0.0,477.91721866150704,0.5157895419979468
26,1767.522357592919,0.1667411001087618,0.0,479.98093077308187,0.51801679199707
27,1756.276093432469,0.1656801718267677,0.0,476.92694262053374,0.5147207920017536
28,1787.0935630557296,0.1685873705761791,0.0,485.2956049405893,0.5237526249984512
29,1761.5507619170933,0.1661777632841301,0.0,478.3593093896971,0.516266665996227
0,1776.691736185956,0.1001837341608155,0.0,477.44228243239314,0.5172290420014178
1,1770.7935195244447,0.0998511467130299,0.0,475.8572815187299,0.5155119580012979
2,1771.6266559565545,0.0998981254416041,0.0,476.0811664795379,0.5157544999965467
3,1771.6970738633242,0.0999020961522841,0.0,476.1000895630688,0.5157749999998487
4,1767.255164562743,0.0996516266693274,0.0,474.9064354971249,0.5144818750050035
5,1778.5290421222858,0.1002873357962306,0.0,477.93601329290306,0.5177639169996837
6,1784.650960969839,0.1006325373176234,0.0,479.5811286766872,0.5195461249968503
7,1775.7415239627014,0.100130153786217,0.0,477.1869362271816,0.5169524169978104
8,1770.133281321143,0.0998139173348012,0.0,475.6798587118843,0.5153197499967064
9,1767.617129727283,0.0996720370877929,0.0,475.0037047480587,0.5145872500070254
10,1762.247909439489,0.0993692785805023,0.0,473.560858621814,0.5130241669976385
11,1773.6424386464917,0.1000117909880923,0.0,476.6228585855853,0.5163413330010371
12,1769.1378436654545,0.0997577867976686,0.0,475.41235928208937,0.5150299590022769
13,1777.9878823036338,0.1002568209858636,0.0,477.7905898782973,0.5176063749968307
14,1755.9015670313545,0.0990114223087807,0.0,471.85543491621286,0.5111766249974607
15,1776.3105898766091,0.1001622421598373,0.0,477.3398587197316,0.5171180830002413
16,1787.7577916465848,0.1008077246572515,0.0,480.4160131415751,0.5204505829970003
17,1773.7231650386664,0.1000163429715617,0.0,476.6445518214728,0.5163648340021609
18,1769.8345789266932,0.0997970741646162,0.0,475.599589777173,0.5152327920004609
19,1774.2379885508392,0.1000453727356073,0.0,476.7828980003261,0.5165147090010578
20,1766.4500819098491,0.0996062298315799,0.0,474.6900893006994,0.5142475000029663
21,1771.0441351066002,0.0998652783737721,0.0,475.9246283032735,0.515584917004162
22,1766.2073393898709,0.0995925421154749,0.0,474.62485820831506,0.5141768329995102
23,1761.5407248569811,0.0993294019993411,0.0,473.3708201281932,0.5128182920016116
24,1766.0573458461463,0.0995840843098779,0.0,474.5845511261085,0.5141331670020008
25,1775.480603344183,0.1001154410471693,0.0,477.1168202171266,0.5168764580012066
26,1790.8488796480174,0.1009820243020892,0.0,481.24666714898984,0.5213504580024164
27,1777.4756350505515,0.1002279364913943,0.0,477.6529360058218,0.5174572499963688
28,1768.5382885241104,0.0997239792036601,0.0,475.25124355824306,0.5148554170009447
29,1803.8391230015989,0.1017145155161324,0.0,484.7374761113821,0.5251321670002653
0,1754.0937717713666,0.5002644087188991,0.0,477.5524045630611,0.5170462090027286
1,1747.7432374054538,0.4984532476676833,0.0,475.82347022357055,0.5151742909947643
2,1751.518133922168,0.4995298414075961,0.0,476.8511866076913,0.516286999998556
3,1754.769163024236,0.5004570290971297,0.0,477.7362799761201,0.5172452909973799
4,1751.2478613919254,0.4994527601650134,0.0,476.77760485352184,0.5162073329993291
5,1736.266881541672,0.4951802114863595,0.0,472.6990298848788,0.5117914579968783
6,1748.792095154288,0.4987523800230881,0.0,476.1090219700399,0.5154834580025636
7,1799.850348084657,0.5133141025053685,0.0,490.0096422516248,0.5305336660021567
8,1753.1379269695713,0.4999918034897532,0.0,477.2921756113184,0.5167644589964766
9,1749.7158533916863,0.4990158342214145,0.0,476.36051534776226,0.5157557499987888
10,1761.7996142862123,0.5024621012319267,0.0,479.65032183599726,0.5193176250031684
11,1740.7653737649098,0.4964631734285321,0.0,473.9237453548768,0.5131174580019433
12,1742.9166639927869,0.497076717556646,0.0,474.5094345795743,0.5137515839960543
13,1749.7232016130597,0.499017929921017,0.0,476.36251590260287,0.5157579160004389
14,1753.2353196533288,0.5000195797090965,0.0,477.3186907903035,0.5167931669930113
15,1747.2711128554597,0.4983185985898259,0.0,475.69493421384783,0.5150351249976666
16,1748.1742343484766,0.4985761672255376,0.0,475.9408092334982,0.5153013339950121
17,1768.266335896843,0.5043063986776812,0.0,481.41088817771447,0.5212237909945543
18,1757.0913484891291,0.5011193122414096,0.0,478.3684954656496,0.517929790999915
19,1744.1792476012558,0.4974368041452388,0.0,474.85317323704504,0.5141237499992712
20,1749.1235756856784,0.4988469176782046,0.0,476.1992676156142,0.5155811670047115
21,1752.5556809693933,0.499825747971117,0.0,477.1336590132283,0.5165928330025054
22,1746.9655037563955,0.4982314394209703,0.0,475.61173207125825,0.5149450419994537
23,1752.0436941827002,0.4996797302545965,0.0,476.9942705010378,0.5164419169959729
24,1748.172110645285,0.498575561549183,0.0,475.9402310548502,0.5153007080007228
25,1751.4983453162597,0.4995241977325581,0.0,476.8457991555,0.5162811670015799
26,1747.589019863644,0.4984092651003833,0.0,475.7814844648259,0.5151288329943782
27,1762.3483557065445,0.5026186013042716,0.0,479.7997168050577,0.5194793750051758
28,1772.4144105029477,0.5054894221417285,0.0,482.5402023764941,0.5224464999992051
29,1751.7315782126657,0.4995907153377694,0.0,476.9092968614347,0.5163499159971252
0,2707.064349798109,3.6012385418086788,92.0649964253126,546.2211903089626,0.5340038330032257
1,2657.9668484559675,3.535923576483599,90.3952314321409,536.3144824664614,0.5243187090018182
2,2725.020067211528,3.625125237224638,92.67565537015948,549.8442269534888,0.5375458330017864
3,2714.4840100870024,3.611109000411365,92.31733287162758,547.7183012568387,0.5354674579939456
4,2738.164742265457,3.642611748185226,93.12269478462412,552.4965096946497,0.5401387919991976
5,2721.689276555712,3.6206942484728137,92.56237796327258,549.1721526317885,0.5368887910008198
6,2720.5877475209177,3.619228871849861,92.52491588127285,548.9498902756719,0.5366714999981923
7,2692.3593725613273,3.5816763430802045,91.56489243744856,543.2540757036744,0.5311030840020976
8,2684.849938696684,3.5716864576670515,91.30950286684008,541.7388505837405,0.529621749999933
9,2684.9247119572583,3.571785929387366,91.31204584294925,541.7539380490226,0.5296365000031074
10,2738.5432520367744,3.643115284045768,93.13556758565154,552.5728839625345,0.5402134579999256
11,2721.140522061294,3.619964234117804,92.5437152814746,549.0614270285532,0.5367805420028162
12,2695.355153706975,3.585661664864423,91.66677645083956,543.8585530754085,0.5316940409975359
13,2693.7475289550293,3.5835230233438016,91.6121024764096,543.5341726425446,0.5313769159984076
14,2662.3036966471677,3.5416929350351563,90.54272401511172,537.1895552667675,0.5251742090040352
15,2781.6217251628236,3.7004230675697793,94.60063045889038,561.2650950913014,0.5487112499977229
16,2691.344864372215,3.580326731279553,91.530389861693,543.0493720841699,0.5309029589989223
17,2698.6109582046543,3.58999289867588,91.77750364114912,544.5154969741629,0.5323362909985008
18,2698.4664861846804,3.589800705901969,91.77259026847534,544.4863459572236,0.5323077920038486
19,2696.253071379015,3.586856174972084,91.69731388053631,544.0397315020158,0.5318711669970071
20,2674.1653895799946,3.55747268026507,90.94613027973942,539.5829627353899,0.5275140830053715
21,2711.4054258427636,3.607013524721848,92.21263279404648,547.097116189524,0.5348601670048083
22,2711.9374970173535,3.607721345066444,92.23072809007826,547.2044754956798,0.5349651249998715
23,2722.2352935902622,3.6214206211537783,92.580947546348,549.2823258807412,0.5369964999990771
24,2705.6396482764453,3.599343245145054,92.01654351708792,545.9337194326031,0.5337227920026635
25,2704.6099320015473,3.5979734018546403,91.98152372704315,545.7259471831561,0.5335196670057485
26,2732.7517068573975,3.635410725519794,92.93860197370508,551.4042879142569,0.5390709999992396
27,2674.1979197151777,3.557515955474468,90.94723660245376,539.589526542845,0.5275204999998095
28,2710.5983411811003,3.605939850802607,92.1851845191296,546.9342657036806,0.5347009590041125
29,2711.9605221173633,3.607751975619275,92.23151115448908,547.2091214131422,0.5349696670018602
0,1829.714124002379,0.2684784393539926,0.0,484.3015447896835,0.521343792002881
1,1809.1855259194288,0.265466227826992,0.0,478.8678917214152,0.515494541003136
2,1813.0085175449303,0.266027184761091,0.0,479.879787910913,0.5165838329994585
3,1862.4952107043605,0.2732884885756843,0.0,492.97827232946247,0.5306841669953428
4,1810.0879382553949,0.2655986410015069,0.0,479.1067485365934,0.5157516670005862
5,1839.304281081116,0.2698856266144958,0.0,486.83993470922366,0.5240763330002665
6,1809.758034772763,0.2655502334546707,0.0,479.0194273730442,0.5156576669978676
7,1808.8649860767891,0.2654191942300088,0.0,478.78304899165727,0.5154032089994871
8,1813.8231895913325,0.2661467235878039,0.0,480.09542101194984,0.5168159589957213
9,1811.1642167471596,0.2657565659833326,0.0,479.3916254631841,0.516058332999819
10,1809.8633196014089,0.2655656821557064,0.0,479.0472948986249,0.5156876659966656
11,1813.954652607598,0.2661660134784905,0.0,480.13021756351213,0.5168534169933992
12,1807.167211573315,0.2651700756146534,0.0,478.33367014938295,0.5149194590048864
13,1809.579044581031,0.2655239697850048,0.0,478.97205099592554,0.5156066669951542
14,1823.9124415236115,0.2676271442598061,0.0,482.76591485165784,0.5196907080025994
15,1819.837052677855,0.2670291524627728,0.0,481.6872123987844,0.5185295000046608
16,1841.2130745184631,0.2701657085553769,0.0,487.3451675203305,0.5246202090056613
17,1808.2260893946043,0.2653254473534387,0.0,478.6139413446843,0.5152211669992539
18,1841.558037704117,0.2702163258493596,0.0,487.4364747915136,0.5247184999971068
19,1809.0259859767957,0.2654428181400628,0.0,478.8256635724058,0.5154490829954739
20,1817.9728629006825,0.2667556153263047,0.0,481.1937855967379,0.5179983330017421
21,1823.5731814233272,0.2675773637935221,0.0,482.67611711303965,0.5195940420016996
22,1809.1998591549343,0.2654683309777787,0.0,478.8716855425406,0.5154986249981448
23,1802.588046066788,0.2644981634330681,0.0,477.1216245628257,0.5136147090015584
24,1837.076846539877,0.2695587896832232,0.0,486.2503617398243,0.5234416660023271
25,1807.5499030880776,0.2652262288788654,0.0,478.4349636188634,0.5150284999981523
26,1806.5600452731728,0.2650809846148343,0.0,478.17296112208425,0.5147464580004453
27,1809.485601206097,0.2655102586095041,0.0,478.94731774921934,0.5155800420034211
28,1807.857580198864,0.2652713750956679,0.0,478.5164017506981,0.5151161670000874
29,1807.3931392937277,0.2652032265429801,0.0,478.39347028021825,0.5149838330034981
0,2618.4886428197547,4.198341247690789,93.60621645851384,547.5308721588419,0.5387841670017224
1,2605.644078001389,4.177746976093143,93.14704657897272,544.8450496341634,0.5361412499987637
2,2594.933862843849,4.16057480382085,92.76417582598968,542.6055236151,0.5339374999966822
3,2588.6199170627947,4.15045136903683,92.53846372404516,541.2852657443073,0.5326383330029785
4,2602.269826825817,4.172336886601513,93.02642322366732,544.1394874030228,0.5354469589947257
5,2592.9785214346575,4.157439716519999,92.6942759195299,542.1966580696723,0.5335351660032757
6,2597.193556682996,4.164197873135303,92.84495577942472,543.0780298228137,0.5344024580044788
7,2622.8873421771473,4.205393881277332,93.7634619769594,548.4506484206646,0.5396892500066315
8,2619.283655456883,4.199615927401944,93.63463671735376,547.697110788052,0.5389477499993518
9,2653.1881992616804,4.253976615629538,94.84666262207618,554.7866143039419,0.5459239999981946
10,2618.9124733008675,4.199020794266546,93.62136762896692,547.6194959050658,0.5388713749998715
11,2581.3848028224693,4.138850983207314,92.27982152159028,539.7723898259651,0.5311496249996708
12,2598.369879714636,4.166083925044631,92.88700719279508,543.3240011686205,0.5346445000031963
13,2577.819388610895,4.133134393375771,92.1523644347062,539.0268550464946,0.5304160000014235
14,2594.3609908934964,4.159656292317886,92.7436966935196,542.4857350189295,0.5338196250013425
15,2602.276504455357,4.172347593146913,93.02666193680358,544.1408837078478,0.5354483329938375
16,2588.202161551629,4.149781562735098,92.52352972274171,541.1979122856604,0.5325523749997956
17,2609.8641773866566,4.184513252268183,93.2979074725714,545.7274803078074,0.5370095840044087
18,2605.9379084821217,4.178218087789759,93.15755048536046,544.9064901371892,0.536201709001034
19,2571.5775359527493,4.123126548755723,91.9292295310576,537.7216719825263,0.529131666997273
20,2625.503438850144,4.209588387371642,93.85698268483814,548.9976791274602,0.5402275419983198
21,2587.9378992980905,4.149357859114201,92.51408282681022,541.1426545542377,0.5324980000004871
22,2590.805700040584,4.153955933725058,92.61660149833388,541.7423170526872,0.5330880830006208
23,2581.167113924082,4.138501952752755,92.2720395385754,539.7268706702032,0.5311048330040649
24,2576.8520502315087,4.131583416009576,92.11778384334951,538.8245827823049,0.5302169589995174
25,2583.3938034958605,4.1420721048329,92.35163964935434,540.1924756238875,0.5315630000040983
26,2574.7213455950846,4.1281671609166715,92.04161501979812,538.3790484581086,0.529778542004351
27,2588.6393570161317,4.15048253799308,92.5391586670937,541.2893306749054,0.5326423329970567
28,2612.5537766415023,4.188825608375719,93.39405576434504,546.2898805419278,0.5375629999980447
29,2596.2320891691634,4.162656308793328,92.81058506085604,542.8769851675906,0.5342046250007115
0,1802.9941659864749,1.681615182139636,0.0,483.56526177607367,0.5219859589997213
1,1779.2162506886075,1.6594380147816672,0.0,477.1879955306162,0.5151019999975688
2,1779.6212444850328,1.6598157440775176,0.0,477.29661536693095,0.5152192500027013
3,1781.9483024576202,1.6619861426790468,0.0,477.9207351887867,0.5158929579993128
4,1775.7893470337342,1.6562418129733198,0.0,476.26889573860785,0.5141098749954836
5,1786.3511357741895,1.6660925737974868,0.0,479.10158052120534,0.5171676250029122
6,1775.1444346092962,1.6556403165599958,0.0,476.0959294299924,0.5139231659995858
7,1786.472892937759,1.6662061341731416,0.0,479.1342359428286,0.5172028749948367
8,1778.655245374635,1.6589147767862065,0.0,477.0375332126415,0.5149395830012509
9,1777.1881143809255,1.6575464142037022,0.0,476.64404686841664,0.51451483299752
10,1794.148200345462,1.6733647338557538,0.0,481.19276286756053,0.519424958001764
11,1783.2366835279809,1.6631877889234838,0.0,478.266280582837,0.5162659580018953
12,1784.8673111039714,1.6647086413698924,0.0,478.70361691232625,0.5167380420025438
13,1792.50001900328,1.6718275093764852,0.0,480.7507185963021,0.5189477919993806
14,1776.8688998470486,1.6572486894430491,0.0,476.55843313624325,0.5144224169998779
15,1790.0668889243043,1.66955817952611,0.0,480.09815010452814,0.5182433750014752
16,1797.152552994646,1.6761668311241078,0.0,481.9985339580484,0.5202947500001756
17,1791.2587001162692,1.6706697570522386,0.0,480.4177953379417,0.5185884169986821
18,1792.1862688524077,1.6715348811322794,0.0,480.6665704183983,0.5188569579986506
19,1790.008024062706,1.6695032774932437,0.0,480.0823624759571,0.5182263329988928
20,1795.15752082838,1.6743061060907498,0.0,481.463463867456,0.5197171670006355
21,1779.65362671206,1.659845946307579,0.0,477.3053003202074,0.5152286250013276
22,1794.294713103223,1.673501383259549,0.0,481.2320577701159,0.5194673750011134
23,1779.0303024305967,1.6592645847064829,0.0,477.1381239781962,0.5150481660020887
24,1787.3388646459289,1.6670138079855328,0.0,479.3664906243198,0.5174535830010427
25,1786.329260901145,1.6660721715580826,0.0,479.0957136532423,0.517161291994853
26,1787.5002024214516,1.6671642843752463,0.0,479.40976161494586,0.5175002920004772
27,1782.956037518525,1.662926036223885,0.0,478.1910109765404,0.5161847080016742
28,1804.8606743706223,1.6833560357128678,0.0,484.0658616295923,0.522526332999405
29,1796.2041145617177,1.6752822423116618,0.0,481.7441615991415,0.5200201670013485
0,1845.824206071892,0.1677320580549854,0.0,486.1545970665696,0.5214718330025789
1,1830.4651068256328,0.166336359960892,0.0,482.1093057106495,0.5171326670024428
2,1849.9641160769513,0.1681082561907703,0.0,487.24496974332874,0.5226414170028875
3,1828.7591474660028,0.1661813375739239,0.0,481.659988824261,0.5166507089961669
4,1822.3392648347449,0.1655979558398074,0.0,479.9691152060978,0.5148370000024443
5,1836.1359089329785,0.1668516719310995,0.0,483.602885925099,0.5187347499959287
6,1826.5178135686551,0.1659776651190098,0.0,481.069664580938,0.5160174999982701
7,1845.3007813203665,0.1676844938771392,0.0,486.0167370535003,0.5213239579970832
8,1825.8569338770212,0.1659176102608928,0.0,480.8956015801718,0.5158307919991785
9,1807.0185105123555,0.1642057421907525,0.0,475.9339231656772,0.5105086669937009
10,1823.162968089531,0.1656728066526299,0.0,480.1860628019826,0.5150697079952806
11,1854.833631466652,0.1685507543633255,0.0,488.52750644666264,0.5240171249970444
12,1857.7274384163825,0.1688137177558822,0.0,489.2896795436492,0.5248346669977764
13,1862.589432110114,0.1692555324237241,0.0,490.5702351769219,0.5262082500048564
14,1827.1143921034115,0.1660318768608956,0.0,481.22679189361975,0.516186041997571
15,1830.059520329347,0.1662995038737752,0.0,482.00248202775015,0.5170180829954916
16,1826.6731154100848,0.1659917775666616,0.0,481.11056809921206,0.5160613749976619
17,1843.7639886261209,0.1675448438494921,0.0,485.6119754133678,0.5208897920019808
18,1825.188089979146,0.1658568316866715,0.0,480.71944096064885,0.5156418339975062
19,1824.456265218254,0.1657903299727617,0.0,480.52669239305266,0.5154350829980103
20,1823.8436131713245,0.1657346576133003,0.0,480.36533162638955,0.5152620000008028
21,1827.3999209682072,0.1660578231801435,0.0,481.301994705328,0.5162667080003303
22,1828.929195469068,0.1661967900213609,0.0,481.7047761979124,0.5166987499978859
23,1827.510683488826,0.1660678882911533,0.0,481.3311674230788,0.5162980000022799
24,1835.150709439822,0.1667621457790216,0.0,483.3434033259165,0.5184564169976511
25,1813.572750949637,0.1648013331651888,0.0,477.6601840459834,0.5123603339961846
26,1842.1702642888456,0.1674000203813719,0.0,485.1922190733685,0.5204395420005312
27,1831.9371559299911,0.166470126667938,0.0,482.4970151343517,0.5175485420040786
28,1845.660352440013,0.1677171684968116,0.0,486.1114411711588,0.5214255419996334
29,1853.0747226186224,0.1683909203986171,0.0,488.06424368335195,0.5235202080002637
0,1750.3108252154525,2.609757505147961,0.0,479.15816963107625,0.5184650419978425
1,1745.3642145878596,2.602381984169385,0.0,477.8040050678175,0.5169997909979429
2,1742.12288288301,2.597549076995676,0.0,476.9166709186548,0.5160396659994149
3,1752.016519404531,2.612300738125388,0.0,479.625113726842,0.5189702910065535
4,1747.889285014327,2.6061469277448723,0.0,478.4952583619784,0.5177477500037639
5,1742.483268674349,2.5980864212834134,0.0,477.01532870768926,0.5161464170014369
6,1745.190778674311,2.602123386855969,0.0,477.7565259380042,0.5169484170037322
7,1754.793097903389,2.6164406865686223,0.0,480.3852188762723,0.5197927500048536
8,1750.881920770668,2.610609022998339,0.0,479.31451049178474,0.5186342079978203
9,1735.1488806738737,2.587150664128651,0.0,475.007495653672,0.5139738750003744
10,1734.904688250203,2.58678656707732,0.0,474.9406465014654,0.5139015419990756
11,1734.3902782445691,2.5860195688084495,0.0,474.7998236526385,0.5137491670029704
12,1740.4614946593651,2.59507190532813,0.0,476.4618558487712,0.5155475409992505
13,1741.1728371957006,2.59613253495813,0.0,476.65659016840226,0.5157582499959972
14,1752.914383042534,2.613639475413714,0.0,479.8709093256385,0.5192362500019954
15,1737.9855206465136,2.5913801657413655,0.0,475.7840429946423,0.5148141249956097
16,1742.750390525125,2.5984847066878167,0.0,477.0884549291823,0.5162255420000292
17,1746.9815770882103,2.6047935123751347,0.0,478.2467678297988,0.5174788750009611
18,1754.2353643395768,2.61560909178382,0.0,480.2325359414883,0.5196275420021266
19,1735.6599147553063,2.587912628809548,0.0,475.1473943228402,0.514125250003417
20,1744.2616874795365,2.6007380884943294,0.0,477.50218160676013,0.5166732079960639
21,1739.7664748214256,2.594035613252369,0.0,476.27158996650235,0.5153416670000297
22,1745.2933230781057,2.6022762831436204,0.0,477.7845980884589,0.5169787920021918
23,1750.6001709384905,2.6101889269054013,0.0,479.2373797719519,0.5185507499991218
24,1739.8233021500969,2.594120344230068,0.0,476.2871467912667,0.5153585000007297
25,1749.8213094268729,2.60902762478344,0.0,479.02416172466206,0.5183200409956044
26,1744.01214756226,2.600366018195406,0.0,477.4338685458514,0.5165992909969646
27,1744.947146636668,2.601760125354311,0.0,477.6898301948601,0.5168762499961304
28,1726.6596383960764,2.5744929901724993,0.0,472.6835142597483,0.5114592500030994
29,1740.1566769615938,2.5946174144668497,0.0,476.37841016127896,0.5154572499959613
0,2672.382616871309,3.0753543154939074,90.65609677847256,547.1456460435247,0.5367295840042061
1,2639.0257262456407,3.03696750033897,89.52452022738355,540.3161309298724,0.5300300829985645
2,2668.042158872389,3.070359354759644,90.50885402291472,546.2569773772376,0.5358578330051387
3,2696.1434939659584,3.102698123020429,91.46214466990656,552.010466060852,0.5415017919949605
4,2673.3815259950325,3.0765038512920504,90.68998309460912,547.3501634559595,0.5369302079998306
5,2660.8570324091256,3.062090774678085,90.26511066224964,544.7858891296837,0.5344147499999963
6,2698.0353091124884,3.104875207184301,91.52632132482418,552.3977977303548,0.5418817499958095
7,2691.981040632199,3.0979080084828614,91.32094042397304,551.1582422048639,0.5406657920029829
8,2674.183151781152,3.0774263551675025,90.7171769045029,547.5142889280618,0.5370912090002093
9,2663.405459659043,3.065023482251948,90.35156178116613,545.3076560597814,0.5349265840050066
10,2663.5876068177236,3.065233095593603,90.35774081793316,545.3449490073488,0.5349631670032977
11,2679.6627577856493,3.0837322373666862,90.90306334498318,548.6361876219339,0.5381917500053532
12,2663.5795158991223,3.065223784635928,90.35746634709388,545.3432924665311,0.5349615419982001
13,2637.8766152873854,3.0356451135960905,89.4855385660065,540.0808610797914,0.5297992920022807
14,2727.5071171168297,3.138791103568057,92.52610296604968,558.4318780782821,0.5478009590005968
15,2656.6049568069725,3.0571975236255113,90.1208661312216,543.915315942417,0.5335607499946491
16,2651.6997993211658,3.0515527117086405,89.95446689297644,542.9110302744242,0.5325755830053822
17,2683.2200521488594,3.087825940305148,91.02373858812568,549.3645107708115,0.5389062079993892
18,2637.856490096892,3.0356219537045974,89.48485585268335,540.0767406330092,0.5297952499968233
19,2637.416674102907,3.035115817342766,89.46993583297372,539.9866923724609,0.5297069159933017
20,2653.346607248535,3.0534478437283785,90.01033208903654,543.2481989798489,0.5329063329991186
21,2641.957124101567,3.0403409271041864,89.62396298159297,540.916307552623,0.5306188340036897
22,2660.7288228722828,3.0619432322753144,90.26076136881144,544.7596394117646,0.5343890000003739
23,2642.324112046829,3.0407632535906974,89.63641243193447,540.9914449431797,0.5306925409968244
24,2660.4190835585628,3.0615867870084155,90.25025398224808,544.6962231494972,0.5343267909993301
25,2642.5658032207225,3.041041389659221,89.64461139951966,541.0409289776319,0.5307410829991568
26,2652.9553415843593,3.05299757865734,89.99705905781202,543.1680909506885,0.5328277499938849
27,2692.647814864721,3.0986753263813163,91.3435596211536,551.2947580674934,0.5407997090005665
28,2646.477234771496,3.0455426305457207,89.77730015260863,541.8417584431778,0.5315266670004348
29,2675.12895480308,3.0785147769326833,90.749261685233,547.707933356893,0.5372811670022202
0,1786.816641048511,1.798138252266485,0.0,480.80218934214406,0.5190258329967037
1,1782.8336566198657,1.7941300308884225,0.0,479.7304354814431,0.5178688749947469
2,1795.0281902994725,1.80640183146052,0.0,483.0117786010824,0.5214110840024659
3,1776.5294719352323,1.7877859016865922,0.0,478.03408582319827,0.5160376659987378
4,1778.8308770630008,1.7901018889564302,0.0,478.65335508596104,0.5167061669999384
5,1796.9891979642368,1.8083752644440696,0.0,483.5394526538505,0.5219807079993188
6,1788.533080478114,1.7998655673838642,0.0,481.26405421214105,0.5195244159986032
7,1802.5324156663664,1.813953605031379,0.0,485.0310389453348,0.5235908749964437
8,1783.1182489759854,1.7944164264760196,0.0,479.8070144793935,0.5179515420022653
9,1780.8469669108044,1.7921307531342423,0.0,479.1958508241727,0.5172917910022079
10,1803.0189770789996,1.8144432493899736,0.0,485.1619644063301,0.5237322089960799
11,1785.9333193618431,1.7972493336850452,0.0,480.5645023903401,0.5187692499966943
12,1800.0309108242288,1.8114362501771968,0.0,484.35792622793593,0.5228642500005662
13,1791.4015151729552,1.8027521770283184,0.0,482.03590155762765,0.5203576249987236
14,1809.3940181194137,1.820858683906976,0.0,486.8773803135709,0.5255840000027092
15,1782.4750476429078,1.7937691496965529,0.0,479.63393986052824,0.5177647079981398
16,1782.9656266294744,1.794262837085196,0.0,479.765946382836,0.5179072090031696
17,1797.0181746335738,1.8084044247151136,0.0,483.5472497863245,0.5219891250017099
18,1785.9033374724231,1.7972191618246525,0.0,480.556434770114,0.5187605410028482
19,1783.703211242511,1.795005095175095,0.0,479.9644179487629,0.5181214590047603
20,1817.2879807960328,1.8288026642375284,0.0,489.0015123875124,0.5278770000004442
21,1799.0441654896515,1.8104432526358776,0.0,484.0924097186932,0.5225776250008494
22,1782.62408620486,1.7939191325952746,0.0,479.67404362116986,0.5178079999968759
23,1773.5421286293551,1.784779630003451,0.0,477.230242178145,0.5151699170019128
24,1780.2793658629266,1.7915595556578092,0.0,479.0431189656131,0.5171269170023152
25,1779.0384404444324,1.7903107674990562,0.0,478.7092068873866,0.5167664590044296
26,1782.7894773086882,1.7940855716486983,0.0,479.71854757473255,0.517856042002677
27,1783.1825092184056,1.7944810938835989,0.0,479.8243058256533,0.5179702080058632
28,1780.5486074656133,1.79183050322667,0.0,479.11556733499793,0.5172051249974174
29,1787.7603534401137,1.7990879441998906,0.0,481.0561264130041,0.5192999579958268
0,1795.147924035491,2.682538176309839,0.0,479.4457429436733,0.5142721660013194
1,1798.013174284973,2.686819797381843,0.0,480.21099020613514,0.5150930000017979
2,1817.3031298206895,2.7156453005345607,0.0,485.3629261214671,0.5206191670004046
3,1791.725774326122,2.6774243652876284,0.0,478.53175970702466,0.5132917920054751
4,1806.500707659442,2.6995029484441435,0.0,482.4778294398255,0.5175244999991264
5,1803.0298283679308,2.6943163194871764,0.0,481.55083157056606,0.5165301660017576
6,1809.3933002198744,2.7038254278721485,0.0,483.25037925068017,0.5183531669972581
7,1805.3675530191017,2.697809644766114,0.0,482.1751879910992,0.5171998750010971
8,1815.1018340205253,2.712355844583757,0.0,484.7750069387537,0.5199885420006467
9,1794.8638752932004,2.682113714578899,0.0,479.3698795797373,0.5141907920042286
10,1799.7155993091633,2.689363777216903,0.0,480.6656716391247,0.5155807090050075
11,1801.77974018387,2.6924482788468493,0.0,481.2169596650104,0.5161720420001075
12,1799.5033952376434,2.6890466749238837,0.0,480.608996455223,0.5155199169967091
13,1799.9932496663882,2.6897786776676957,0.0,480.73982613080534,0.5156602499992005
14,1801.5781512304152,2.692147039012335,0.0,481.163119552859,0.5161142910001217
15,1798.893256244148,2.688134927696264,0.0,480.4460413365286,0.5153451249934733
16,1799.251048630929,2.688669586552998,0.0,480.5416000558982,0.5154476249954314
17,1798.4931396701047,2.6875370226598743,0.0,480.3391787289753,0.5152305000010529
18,1826.6656523216352,2.729635971553408,0.0,487.8634562985023,0.5233013329998357
19,1792.267552246784,2.6782339587121022,0.0,478.6764570404334,0.5134469999975408
20,1807.306323455378,2.700706801953429,0.0,482.6929922454295,0.5177552919994923
21,1833.0039600605849,2.7391074765225967,0.0,489.5562831804646,0.5251171250056359
22,1804.6374227047208,2.696718591256939,0.0,481.9801857484779,0.5169907080053235
23,1838.0546515121375,2.7466548615899486,0.0,490.9052152004653,0.5265640419966076
24,1810.0543434631631,2.7048132426993123,0.0,483.4269298093573,0.5185425419986132
25,1802.1788375157903,2.693044660802122,0.0,481.32355005471993,0.5162863750010729
26,1826.6611423701695,2.7296292322107503,0.0,487.8622517866054,0.5233000409934903
27,1815.059363185933,2.712292379265023,0.0,484.76366388419433,0.5199763749988051
28,1814.1049581297495,2.7108661859332113,0.0,484.5087626389518,0.5197029580012895
29,1799.3511118139418,2.6888191136782456,0.0,480.5683247990118,0.5154762909951387
0,1744.58038605068,1.7610612612503056,0.0,475.5862232504835,0.5153866659966297
1,1756.560303683826,1.7731543519587607,0.0,478.8520422563347,0.5189257919992087
2,1755.239591025989,1.7718211626614624,0.0,478.4920056825191,0.5185356250003679
3,1739.2559338704589,1.755686509506596,0.0,474.13473604845115,0.5138137080066372
4,1747.5298457579584,1.7640385842063802,0.0,476.3902689763381,0.5162579999960144
5,1746.06400151769,1.7625588922832085,0.0,475.99066840093514,0.5158249579981202
6,1754.1136576433803,1.770684592699588,0.0,478.1850674586642,0.5182029999996303
7,1743.828074684906,1.7603018428748287,0.0,475.38113730315894,0.5151644169964129
8,1745.2030860378886,1.7616898438215771,0.0,475.7559761248724,0.5155706250006915
9,1753.719590274181,1.7702868026156404,0.0,478.0776416195785,0.5180865840011393
10,1747.4051663255143,1.763912726939895,0.0,476.35628039039096,0.5162211670030956
11,1763.683879831864,1.7803452238132105,0.0,480.7939846875185,0.521030250005424
12,1746.5747123718454,1.763074427771366,0.0,476.1298921639917,0.5159758329973556
13,1750.7891711511495,1.7673287001182945,0.0,477.27878650553106,0.5172208750009304
14,1746.97555312865,1.7634790552304291,0.0,476.2391644813799,0.5160942500006058
15,1748.189215372549,1.7647041828193106,0.0,476.5700182772225,0.5164527919987449
16,1750.0704220125792,1.7666031610290016,0.0,477.0828498831717,0.5170085410063621
17,1749.63559252701,1.7661642237530764,0.0,476.9643119731657,0.5168800829997053
18,1758.0945518831836,1.7747030940463342,0.0,479.27029028462607,0.519379042001674
19,1748.336743535644,1.7648531046661042,0.0,476.6102356053953,0.5164963749994058
20,1753.3933581542744,1.769957488613754,0.0,477.988708198654,0.517990207998082
21,1757.4467487928955,1.7740491712254969,0.0,479.09369410850064,0.5191876669996418
22,1747.1170153741016,1.763621853855466,0.0,476.27772819308086,0.5161360409983899
23,1744.3720701966756,1.760850977457409,0.0,475.5294347235452,0.5153251250012545
24,1745.079252810943,1.761564840754609,0.0,475.7222182211456,0.5155340419951244
25,1770.162052819831,1.786884595448938,0.0,482.5599851822763,0.522944042000745
26,1747.4794940186407,1.7639877567992526,0.0,476.3765426993906,0.5162431250064401
27,1747.881319765739,1.7643933785537134,0.0,476.48608353281696,0.5163618329970632
28,1747.3330930540744,1.7638399727995189,0.0,476.33663265433046,0.5161998750045313
29,1747.8861163258769,1.764398220426472,0.0,476.48739111253,0.5163632500043605
0,2670.570409785425,2.9727932568403896,91.95617793350104,548.196437429938,0.53703412500181
1,2670.1093901969684,2.972280064632907,91.94030357229656,548.1018024803964,0.536941416998161
2,2649.982550200963,2.949875512406015,91.24727287251416,543.9703023551407,0.5328940420004074
3,2661.721079762972,2.962942466716336,91.651467537866,546.3799074578484,0.5352545830028248
4,2660.837574935778,2.9619589775025545,91.62104567488238,546.1985476266508,0.5350769159995252
5,2691.5962946236164,2.99619859692693,92.68016558808806,552.5124873344356,0.5412622919975547
6,2666.77366683587,2.9685668444615825,91.82544407643525,547.417067992174,0.5362706249943585
7,2661.481141542177,2.9626753751907864,91.6432057067442,546.3306545801257,0.5352063330064993
8,2644.140116256491,2.9433719024768323,91.0460994103227,542.7710074544918,0.5317191670037573
9,2645.7442612379073,2.9451575851782787,91.10133519096404,543.1002953701787,0.5320417499970063
10,2647.4012424367324,2.9470020834609416,91.15839028952776,543.4404291433817,0.5323749580056756
11,2658.4955937359973,2.959351959206821,91.54040386175706,545.7178017359814,0.5346059590010555
12,2627.9855146860323,2.925389118559347,90.48984543139191,539.4549012786067,0.5284705829981249
13,2672.1331163429904,2.974532811618548,92.00998685826812,548.5172191492541,0.5373483750008745
14,2696.6097208558404,3.0017793820813714,92.85279369516871,553.5416091990951,0.5422704590018839
15,2687.243218261744,2.991352892051421,92.53027541368049,551.618917576943,0.5403869170040707
16,2700.8745297979617,3.006526830498532,92.9996445433984,554.4170600240664,0.5431280839984538
17,2651.924020997127,2.95203669537653,91.31412384687177,544.3688342080854,0.5332844589938759
18,2727.5859912015253,3.0362611719148456,93.91940456496148,559.9002062187241,0.548499583004741
19,2680.5605877262074,2.9839140022467534,92.30017132792486,550.2471528637496,0.5390430840052431
20,2658.2090353616804,2.959032971622843,91.5305367514347,545.6589789918439,0.5345483339988277
21,2647.5437980205056,2.9471607717608688,91.16329892873787,543.4696919790941,0.5324036249949131
22,2662.8472180427134,2.9641960477011393,91.69024403731726,546.6110734255179,0.5354810419958085
23,2676.942866077893,2.9798868706340365,92.17560173994946,549.5045316948966,0.538315584002703
24,2656.7905403646746,2.9574539485248152,91.4816934863912,545.3678000358345,0.5342630839950289
25,2650.6590566633995,2.950628577684643,91.27056712770586,544.1091709770827,0.5330300829955377
26,2635.4122073815015,2.9336562744766064,90.745569928473,540.9794019855063,0.5299640419980278
27,2669.520937354973,2.9716250178180985,91.9200412814969,547.981008903715,0.5368230830063112
28,2660.7279691580866,2.961836967869093,91.61727160161362,546.1760485018825,0.5350548749993322
29,2659.5763501542456,2.960555022560134,91.57761772031516,545.9396520253587,0.5348232920005103
0,1761.0627122628562,0.1002730818552339,0.0,479.40560434987367,0.5189407500001835
1,1773.2261221061888,0.1009656537792014,0.0,482.7167907183622,0.5225250000003143
2,1774.1111385027095,0.1010160456936708,0.0,482.9577144614402,0.5227857920035603
3,1747.8332966738471,0.0995198126712257,0.0,475.8042243811302,0.51504237500194
4,1746.9785407537054,0.0994711437568538,0.0,475.5715383015183,0.5147904999976163
5,1750.5248233346765,0.0996730654039635,0.0,476.5369256963495,0.5158355000021402
6,1746.6482342427255,0.099452336447164,0.0,475.4816205538911,0.514693167002406
7,1772.610473858339,0.1009305994073606,0.0,482.5491957665912,0.5223435839943704
8,1748.7226941545937,0.0995704540400808,0.0,476.04634076562667,0.5153044580001733
9,1772.4744459499425,0.1009228541195305,0.0,482.5121655454757,0.5223035000017262
10,1770.3282934230103,0.1008006544235695,0.0,481.92792879908586,0.5216710829990916
11,1758.21465709453,0.1001109165518446,0.0,478.6302920343692,0.5181014999980107
12,1757.855223569782,0.1000904507802411,0.0,478.532445180333,0.5179955840067123
13,1756.2394557664416,0.0999984506396015,0.0,478.09259250793485,0.5175194580006064
14,1747.016436775467,0.0994733015169754,0.0,475.5818545526595,0.5148016669991193
15,1754.1526907543482,0.0998796324070574,0.0,477.5245225381418,0.5169045410002582
16,1753.2227129170683,0.0998266804348467,0.0,477.2713591590023,0.5166304999947897
17,1756.2227695819904,0.0999975005455885,0.0,478.088050108459,0.5175145410030382
18,1752.1188111496306,0.0997638254146844,0.0,476.97084930760616,0.516305207995174
19,1748.2398194280586,0.0995429596546495,0.0,475.9148901088795,0.5151621670011082
20,1763.74038297599,0.1004255456447003,0.0,480.1345337273122,0.5197297920021811
21,1760.1897159033686,0.1002233743491896,0.0,479.16795276347585,0.5186834999985876
22,1751.7277020054344,0.0997415560662067,0.0,476.8643795525346,0.5161899579979945
23,1748.352370623307,0.099549368202815,0.0,475.9455293776589,0.5151953329987009
24,1759.1921483115996,0.1001665738865547,0.0,478.89638975161847,0.5183895419977489
25,1747.339389421523,0.099491690105234,0.0,475.66977039312377,0.5148968329958734
26,1751.9406486544974,0.0997536810272451,0.0,476.922348991259,0.5162527080028667
27,1754.9035218939098,0.0999223839523559,0.0,477.7289176762137,0.5171257919937489
28,1752.4458666562616,0.099782447615563,0.0,477.0598820500069,0.516401583001425
29,1750.364901254197,0.0996639596067907,0.0,476.4933908800666,0.5157883749998291
0,2600.848770700063,2.8477050643606265,87.81527710098118,538.249370013744,0.530894083000021
1,2634.9149735248657,2.8850046180296447,88.96549124435602,545.2994193729287,0.5378477920021396
2,2631.2590917431467,2.881001742821448,88.84205374374976,544.542829413519,0.5371015409982647
3,2608.687578156372,2.856287882378866,88.0799472566134,539.8716224194008,0.5324941669969121
4,2637.191165315122,2.8874968517041246,89.04234477580627,545.7704805168669,0.538312415999826
5,2632.2141953938553,2.88204749893528,88.87430194391118,544.740489478988,0.5372964999987744
6,2594.213485242155,2.840439999119299,87.59124276353931,536.8761882056302,0.5295396660003462
7,2614.499626303109,2.8626515737738543,88.27618574009607,541.0744340894652,0.5336805420010933
8,2598.6497381015606,2.8452973133456516,87.74102877898451,537.794277074809,0.5304452089985716
9,2616.2495873675507,2.8645676301942755,88.33527157296766,541.4365910326505,0.5340377499960596
10,2615.36164408698,2.86359540889274,88.30529098120404,541.2528299017616,0.5338564999983646
11,2663.7990559965465,2.9166301969024504,89.94073583936394,551.2770215191783,0.5437437090004096
12,2638.0917676316885,2.888482933558154,89.07275278832819,545.9568614533464,0.538496250002936
13,2576.7836752567605,2.82135586061597,87.0027411901576,533.2690641199139,0.5259818339982303
14,2668.54474913026,2.921826321538002,90.1009698223114,552.2591494953514,0.5447124159982195
15,2618.31165380403,2.8668254150760277,88.40489535792588,541.8633386286143,0.5344586659994093
16,2541.196333718686,2.7823907912636963,85.8011671910619,525.9042129301323,0.5187176249964978
17,2621.886290597565,2.870739334030054,88.52558969590353,542.6031148216108,0.5351883330004057
18,2595.717070839295,2.842086295654458,87.6420099543677,537.1873573937582,0.5298465829982888
19,2622.3527143531123,2.8712500278103974,88.54133806689738,542.6996418843955,0.5352835410012631
20,2604.9290232065473,2.852172588907799,87.95304309050562,539.0937841011195,0.5317269579973072
21,2591.965462687989,2.837978608328564,87.51534034055061,536.4109567253582,0.5290807920027873
22,2606.0694706312393,2.853421280467077,87.99154925347312,539.3298013254923,0.5319597499983502
23,2610.929682730709,2.8587427934921505,88.15564986443236,540.3356291652896,0.5329518329963321
24,2646.093256085373,2.89724387323626,89.34291571886699,547.6127809239,0.5401295409974409
25,2620.8581135158865,2.869613568812353,88.49087423825999,542.390332105172,0.5349784580030246
26,2603.73264883002,2.8508626621603126,87.91264860522266,538.8461927141382,0.5314827499969397
27,2654.507289142156,2.9064565136701943,89.6270078401553,549.3540770896396,0.5418470419972437
28,2627.1629223995724,2.876516790710589,88.70375033679632,543.6951213139608,0.5362654170021415
29,2647.9789635077827,2.8993085602096804,89.40658490321015,548.0030307698646,0.5405144579999615
0,1832.0288573050368,0.3348434297708107,0.0,485.7573635685151,0.520800792000955
1,1821.855037508852,0.3329839412038916,0.0,483.0598035044855,0.5179086249991087
2,1818.006657118434,0.3322805653351917,0.0,482.03941613176255,0.5168146250071004
3,1817.065228562979,0.3321084986315828,0.0,481.7897989648372,0.5165469999992638
4,1832.5450819984576,0.3349377811486223,0.0,485.8942391123064,0.5209475419978844
5,1811.56117568914,0.331102512325981,0.0,480.33041463130064,0.5149823329993524
6,1861.757947821728,0.3402770726923634,0.0,493.6399493548115,0.5292520420043729
7,1821.582998523013,0.3329342201164281,0.0,482.9876731229022,0.517831290999311
8,1813.0148750103676,0.3313682077404579,0.0,480.7158589690824,0.5153955839996343
9,1828.3792277749956,0.3341763799782493,0.0,484.78967443444634,0.5197632919953321
10,1811.5170600207716,0.3310944492206188,0.0,480.3187174843517,0.5149697919987375
11,1817.2384760499765,0.3321401634072298,0.0,481.83573505486834,0.5165962500032037
12,1824.018140381943,0.333379295666833,0.0,483.63334422387464,0.5185235419994569
13,1833.410144455411,0.3350958902738674,0.0,486.1236080202995,0.521193458000198
14,1821.170110213187,0.3328587557277406,0.0,482.8781969342333,0.5177139169973088
15,1814.351019324002,0.3316124174006181,0.0,481.0701339230767,0.5157754169995314
16,1818.3656082621744,0.3323461715245324,0.0,482.1345910306392,0.5169166659979965
17,1820.1234422279413,0.3326674542116026,0.0,482.6006758247719,0.5174163750052685
18,1805.5999711042289,0.3300129715249079,0.0,478.7498177911839,0.5132877089999965
19,1838.1848588994617,0.3359685739951129,0.0,487.38961029471034,0.52255079200404
20,1814.558121289498,0.3316502698242645,0.0,481.1250464340605,0.5158342909999192
21,1810.8972069332913,0.33098115748237,0.0,480.1543651596742,0.5147935829954804
22,1833.8570420407632,0.335177570603104,0.0,486.24210167392306,0.5213205000036396
23,1835.274389296927,0.3354366218808924,0.0,486.6179073626107,0.5217234170049778
24,1820.887957821545,0.3328071861936916,0.0,482.8033850111884,0.5176337080047233
25,1812.3230565083363,0.3312417627452957,0.0,480.5324252146005,0.5151989169971785
26,1843.4762342226047,0.3369356888166623,0.0,488.792603766332,0.524055000001681
27,1812.032257571416,0.3311886128655741,0.0,480.45532068408846,0.5151162500042119
28,1851.1542315714744,0.3383390111255961,0.0,490.82840343990233,0.5262376660029986
29,1816.7635844920449,0.3320533665659065,0.0,481.7098188771606,0.5164612500011572
