i,cpu_mj,gpu_mj,ane_mj,dram_mj,time_s,size,profiler,phase,variant
0,297.4059709817293,0.9431835074740536,0.0,64.00173800716793,0.0684758749994216,10,mac,phase-19,without
1,294.011382014694,0.9324180197543812,0.0,63.2712227690473,0.0676942920035799,10,mac,phase-19,without
2,296.82434397453113,0.9413389547272478,0.0,63.87657192792039,0.0683419589986442,10,mac,phase-19,without
3,295.5819955572358,0.937399011847616,0.0,63.609218661088235,0.0680559160027769,10,mac,phase-19,without
4,296.9808780833277,0.941835381847681,0.0,63.91025805394978,0.0683780000035767,10,mac,phase-19,without
5,289.32739877137334,0.9175633894663556,0.0,62.263229999502705,0.0666158339954563,10,mac,phase-19,without
6,302.28069548595926,0.9586430483188196,0.0,65.05077827877705,0.0695982499964884,10,mac,phase-19,without
7,274.08865489071906,0.8692357386952241,0.0,58.98385369717592,0.0631072079995647,10,mac,phase-19,without
8,296.4859330936766,0.9402657295982494,0.0,63.80374593702406,0.0682640419981908,10,mac,phase-19,without
9,296.35961479116827,0.939865127891348,0.0,63.776562249770045,0.0682349579947185,10,mac,phase-19,without
10,294.26564294805104,0.9332243745096194,0.0,63.32593969886703,0.0677528340020217,10,mac,phase-19,without
11,294.8192170865159,0.9349799613118638,0.0,63.44506880330504,0.0678802910042577,10,mac,phase-19,without
12,298.78404079959876,0.9475538727362968,0.0,64.29829850710586,0.068793167003605,10,mac,phase-19,without
13,298.6888503744389,0.9472519889550676,0.0,64.27781353623672,0.0687712500002817,10,mac,phase-19,without
14,297.15551036552364,0.942389204919545,0.0,63.94783890525484,0.0684182080003665,10,mac,phase-19,without
15,300.98587226643184,0.9545366885785584,0.0,64.77213243925932,0.0693001250037923,10,mac,phase-19,without
16,299.0323297879458,0.9483412882616924,0.0,64.35173027490056,0.0688503339988528,10,mac,phase-19,without
17,305.4248281977412,0.968614247314164,0.0,65.72739535346113,0.0703221669973572,10,mac,phase-19,without
18,270.1974922131386,0.8568954334542849,0.0,58.14647584154076,0.0622112919954815,10,mac,phase-19,without
19,305.92375154516304,0.970196516396485,0.0,65.83476361261862,0.0704370409948751,10,mac,phase-19,without
20,294.97846999628473,0.935485010748213,0.0,63.47934001505731,0.0679169579962035,10,mac,phase-19,without
21,294.30110968856326,0.9333368525631184,0.0,63.33357213821159,0.067760999998427,10,mac,phase-19,without
22,296.6591147588,0.9408149522308754,0.0,63.841014615666545,0.0683039159994223,10,mac,phase-19,without
23,297.9800016839759,0.9450039695493628,0.0,64.12526936227819,0.0686080419982317,10,mac,phase-19,without
24,284.32545261547966,0.9017003820629098,0.0,61.18681163998317,0.0654641670043929,10,mac,phase-19,without
25,296.21882492114406,0.9394186315315476,0.0,63.74626428249787,0.0682025420028367,10,mac,phase-19,without
26,295.14442019120094,0.9360112997342424,0.0,63.51505248196644,0.0679551669963984,10,mac,phase-19,without
27,296.4417755439799,0.9401256897985544,0.0,63.79424323633048,0.0682538749970262,10,mac,phase-19,without
28,297.22988805085987,0.9426250838627336,0.0,63.963844976399784,0.0684353329997975,10,mac,phase-19,without
29,271.09653932074855,0.8597466418598888,0.0,58.33995069763532,0.0624182920000748,10,mac,phase-19,without
0,310.5645000365186,0.0,0.0,62.906193325953055,0.0660357079977984,10,mac,phase-26,without
1,288.3742824692979,0.0,0.0,58.41146802391626,0.0613173750025453,10,mac,phase-26,without
2,321.0854574933501,0.0,0.0,65.037259122835,0.068272791999334,10,mac,phase-26,without
3,321.1442400366122,0.0,0.0,65.04916578322343,0.0682852910031215,10,mac,phase-26,without
4,320.22265380094257,0.0,0.0,64.86249447371847,0.0680893329990794,10,mac,phase-26,without
5,319.2936180922495,0.0,0.0,64.67431424097813,0.0678917910045129,10,mac,phase-26,without
6,321.08878720952856,0.0,0.0,65.03793357136217,0.0682735000009415,10,mac,phase-26,without
7,320.00827793597637,0.0,0.0,64.81907170774105,0.0680437499977415,10,mac,phase-26,without
8,320.43507321341815,0.0,0.0,64.90552095171516,0.0681344999975408,10,mac,phase-26,without
9,317.3079830296693,0.0,0.0,64.2721152030753,0.0674695830020937,10,mac,phase-26,without
10,320.68334814658476,0.0,0.0,64.95581012173277,0.0681872909990488,10,mac,phase-26,without
11,325.38888014404125,0.0,0.0,65.90893614063914,0.0691878340003313,10,mac,phase-26,without
12,295.5038000069898,0.0,0.0,59.85558288087539,0.0628333330023451,10,mac,phase-26,without
13,298.2466145543028,0.0,0.0,60.41115192418272,0.0634165410010609,10,mac,phase-26,without
14,342.3866146636323,0.0,0.0,69.35190136579169,0.0728020829992601,10,mac,phase-26,without
15,299.69944448734907,0.0,0.0,60.70542896044151,0.0637254579996806,10,mac,phase-26,without
16,292.9898605966174,0.0,0.0,59.34637349429057,0.0622987910028314,10,mac,phase-26,without
17,323.37110492136594,0.0,0.0,65.50022697320047,0.0687587919965153,10,mac,phase-26,without
18,316.76831626965384,0.0,0.0,64.16280334826533,0.0673548330014455,10,mac,phase-26,without
19,317.739678797144,0.0,0.0,64.35955706266829,0.0675613749990589,10,mac,phase-26,without
20,319.69611777139016,0.0,0.0,64.75584230560457,0.0679773750016465,10,mac,phase-26,without
21,322.2084863736894,0.0,0.0,65.26473351816657,0.068511582998326,10,mac,phase-26,without
22,322.89276972182176,0.0,0.0,65.40333809332657,0.0686570830002892,10,mac,phase-26,without
23,295.41542632084173,0.0,0.0,59.83768240549876,0.0628145419977954,10,mac,phase-26,without
24,322.6825089599613,0.0,0.0,65.36074885942217,0.068612374998338,10,mac,phase-26,without
25,322.5780652279843,0.0,0.0,65.33959332620877,0.0685901670003659,10,mac,phase-26,without
26,321.6707807541225,0.0,0.0,65.15581890090364,0.0683972499973606,10,mac,phase-26,without
27,318.3269632325836,0.0,0.0,64.4785140852151,0.0676862500040442,10,mac,phase-26,without
28,328.9750938995778,0.0,0.0,66.63533937020159,0.0699503750001895,10,mac,phase-26,without
29,307.251251832783,0.0,0.0,62.235080458846376,0.0653312079957686,10,mac,phase-26,without
0,454.3035083761031,1.3014348524909098,13.459576237603356,88.22358368464694,0.090134540994768,10,mac,phase-21,without
1,444.8422739911043,1.2743314294505814,13.179269783528383,86.38625690170258,0.088257416995475,10,mac,phase-21,without
2,455.5753429091931,1.3050782533395655,13.497256672696034,88.47056791059792,0.0903868749956018,10,mac,phase-21,without
3,419.6566096594096,1.202182522959485,12.433098197975724,81.49532050377981,0.0832605410032556,10,mac,phase-21,without
4,435.18530530497446,1.2466672899803264,12.893164341112325,84.51091944708739,0.0863414589985041,10,mac,phase-21,without
5,434.93685971867296,1.245955572507318,12.88580368408884,84.46267249418028,0.0862921669977367,10,mac,phase-21,without
6,438.8447567113363,1.2571504526973825,13.00158231342293,85.22156753022256,0.0870674999969196,10,mac,phase-21,without
7,418.10714629014495,1.1977438039220134,12.387192498456614,81.19442207639754,0.0829531249983119,10,mac,phase-21,without
8,430.42937583161984,1.2330430668376595,12.75226119124211,83.58734053088976,0.085397875001945,10,mac,phase-21,without
9,448.2131743145597,1.2839879852207514,13.279138899783035,87.04086973496463,0.0889262089986004,10,mac,phase-21,without
10,439.2591082362903,1.2583374378423693,13.01385823873819,85.30203262847219,0.087149708000652,10,mac,phase-21,without
11,445.6432605229153,1.276626000744122,13.20300048138,86.5418046820226,0.088416334001522,10,mac,phase-21,without
12,443.8860921648639,1.2715922730693427,13.15094113990136,86.20057093227965,0.0880677089953678,10,mac,phase-21,without
13,431.57225975907176,1.236317065272878,12.786121227690554,83.80928316165615,0.0856246249968535,10,mac,phase-21,without
14,426.859596067627,1.2228167848149134,12.646499906112131,82.89410625482151,0.0846896250004647,10,mac,phase-21,without
15,460.8455878665688,1.3201758265306909,13.653397363856882,89.49402445113316,0.0914325000048847,10,mac,phase-21,without
16,448.61450172342313,1.2851376604214158,13.291028961726749,87.11880561172545,0.0890058329969178,10,mac,phase-21,without
17,446.24997941202497,1.278364057116996,13.220975643341562,86.6596266087732,0.0885367079972638,10,mac,phase-21,without
18,440.1419993148403,1.2608666395751174,13.04001550929003,85.47348588277637,0.0873248749994672,10,mac,phase-21,without
19,459.3093502042079,1.315774994931014,13.607883500207592,89.1956943932182,0.0911277080012951,10,mac,phase-21,without
20,443.4385504379859,1.2703102085671665,13.137681893865697,86.11366045444791,0.0879789160026121,10,mac,phase-21,without
21,442.1656725615023,1.2666638188720003,13.099970547807796,85.8664736161651,0.0877263750007841,10,mac,phase-21,without
22,441.68348391262026,1.2652825019735825,13.085684823042577,85.77283487063022,0.0876307080034166,10,mac,phase-21,without
23,435.0414455972906,1.2462551777381865,12.888902232923874,84.4829825750939,0.0863129170029424,10,mac,phase-21,without
24,459.08064738870326,1.315119834208121,13.601107759047146,89.15128139263473,0.0910823329977574,10,mac,phase-21,without
25,446.02715863284936,1.2777257465547136,13.214374168315857,86.616355871709,0.0884924999991199,10,mac,phase-21,without
26,450.1188192756612,1.2894470510723803,13.33559713345909,87.410936935854,0.0893042919997242,10,mac,phase-21,without
27,448.4937466626544,1.2847917356336875,13.287451371158928,87.09535555243103,0.0889818750001723,10,mac,phase-21,without
28,435.6244398844741,1.2479252706830015,12.906174509958412,84.59619729682663,0.0864285839998046,10,mac,phase-21,without
29,440.8499472673068,1.2628946849723075,13.060989768266232,85.61096601285958,0.0874653330029104,10,mac,phase-21,without
0,478.8738629620707,0.3431147812004327,14.220201487529048,87.79926012273296,0.0864906249989871,10,mac,phase-28,without
1,478.90200611204955,0.3431349458648552,14.221037200843442,87.80442003630684,0.0864957080048043,10,mac,phase-28,without
2,487.74552269105345,0.3494713561196944,14.483646203627334,89.42583701596179,0.0880929580016527,10,mac,phase-28,without
3,399.3710335699146,0.2861507286146987,11.859357974809182,73.22279199996125,0.0721314170004916,10,mac,phase-28,without
4,491.1808267997274,0.3519327634103611,14.585657861340524,90.05568379267353,0.0887134170043282,10,mac,phase-28,without
5,483.7304803199704,0.3465945643563198,14.364419167211922,88.68969796806718,0.0873677909985417,10,mac,phase-28,without
6,483.518014469227,0.3464423318384717,14.358109975083329,88.65074335822227,0.087329417001456,10,mac,phase-28,without
7,485.3377441423682,0.3477461744511833,14.412147007810152,88.98438219567502,0.0876580830008606,10,mac,phase-28,without
8,499.413915114863,0.3578317997001645,14.83014014312904,91.56518163438656,0.0902004160016076,10,mac,phase-28,without
9,473.2155736942138,0.3390605973447913,14.052178089956351,86.76183952056161,0.0854686669990769,10,mac,phase-28,without
10,391.64224025811114,0.2806130214412069,11.629850777507798,71.8057542643444,0.0707355000049574,10,mac,phase-28,without
11,394.0454011504646,0.2823348945429649,11.70121285161399,72.2463624591609,0.071169540999108,10,mac,phase-28,without
12,397.0732972059024,0.2845043925525931,11.791126491346358,72.80151289429132,0.0717164169982425,10,mac,phase-28,without
13,394.9993326892937,0.2830183897940962,11.729539932577543,72.42126129953374,0.0713418329978594,10,mac,phase-28,without
14,378.78252964338554,0.2713989942512912,11.24798053952574,69.44798708452487,0.0684128749999217,10,mac,phase-28,without
15,384.479575923064,0.2754809476401223,11.417154829973958,70.49251360168908,0.0694418330022017,10,mac,phase-28,without
16,390.4696084584311,0.2797728266957949,11.595029373059054,71.59075776449062,0.0705237079964717,10,mac,phase-28,without
17,403.0395662041652,0.288779244951635,11.96829537410665,73.89540012484615,0.0727939999997033,10,mac,phase-28,without
18,393.9042149535417,0.2822337341439276,11.697020315076117,72.22047663705172,0.0711440410013892,10,mac,phase-28,without
19,387.7349368229936,0.2778134249985624,11.513823058273752,71.0893686412988,0.0700297920047887,10,mac,phase-28,without
20,398.0775187183235,0.2852239207439624,11.820946937499777,72.98563216370505,0.0718977919968892,10,mac,phase-28,without
21,391.24936055017025,0.2803315217698855,11.61818418001859,71.73372162622738,0.0706645410027704,10,mac,phase-28,without
22,389.6303367203219,0.2791714855889576,11.57010712496458,71.43688125681884,0.0703721249956288,10,mac,phase-28,without
23,388.1340397821256,0.2780993836509139,11.525674455754546,71.16254228311722,0.0701018750041839,10,mac,phase-28,without
24,386.7157163168241,0.2770831499762293,11.483557215681506,70.90249937725069,0.0698457079997751,10,mac,phase-28,without
25,393.89914332670446,0.2822301003057352,11.696869712671026,72.21954677823425,0.0711431250019813,10,mac,phase-28,without
26,388.7795265014115,0.2785618771206674,11.54484224066766,71.28088922321079,0.0702184580004541,10,mac,phase-28,without
27,378.82221127416574,0.2714274262771667,11.249158889042578,69.455262524035,0.0684200420000706,10,mac,phase-28,without
28,392.96851579515817,0.281563302456526,11.6692346462538,72.0489206174866,0.0709750419991905,10,mac,phase-28,without
29,375.2639478299834,0.2688779181967877,11.143495943044648,68.80287173413357,0.067777374999423,10,mac,phase-28,without
0,349.87286782937815,1.2578057407759158,0.0,77.4970633832903,0.0854961669974727,10,mac,phase-17,without
1,349.0334422306475,1.2547879750840858,0.0,77.31113007776142,0.0852910419998806,10,mac,phase-17,without
2,347.9926444865531,1.2510462691735065,0.0,77.08059271359346,0.085036708995176,10,mac,phase-17,without
3,352.4283146868622,1.2669926655795811,0.0,78.06309649216129,0.0861206249974202,10,mac,phase-17,without
4,282.6333931548689,1.0160773730489314,0.0,62.60347685559545,0.0690652920020511,10,mac,phase-17,without
5,283.17919474531,1.0180395497048138,0.0,62.72437225600627,0.0691986660021939,10,mac,phase-17,without
6,276.21979273513165,0.9930202452498064,0.0,61.18286027184291,0.0674980420008068,10,mac,phase-17,without
7,276.9739641940552,0.9957315191946784,0.0,61.349909731026955,0.0676823339963448,10,mac,phase-17,without
8,278.64172948242276,1.0017271963301757,0.0,61.71932080614954,0.068089874999714,10,mac,phase-17,without
9,280.05765275444236,1.0068174922170603,0.0,62.032948714018886,0.0684358750004321,10,mac,phase-17,without
10,243.0414203648367,0.8737427845656892,0.0,53.83382962969247,0.0593904580018715,10,mac,phase-17,without
11,281.27578463917416,1.0111967208412849,0.0,62.3027657034469,0.0687335420007002,10,mac,phase-17,without
12,277.13901338079825,0.996324877050301,0.0,61.386468231163704,0.0677226659972802,10,mac,phase-17,without
13,280.1060765077298,1.0069915773790588,0.0,62.04367460625814,0.0684477079994394,10,mac,phase-17,without
14,279.5810759179054,1.0051041810802583,0.0,61.9273866407514,0.0683194170051137,10,mac,phase-17,without
15,280.0491285791074,1.0067868474953414,0.0,62.031060603745225,0.0684337920029065,10,mac,phase-17,without
16,281.2120148691721,1.0109674661886043,0.0,62.28864065871724,0.0687179589949664,10,mac,phase-17,without
17,280.11255864456183,1.0070148808977637,0.0,62.045110403700924,0.0684492919972399,10,mac,phase-17,without
18,276.3752946728037,0.993579280396256,0.0,61.21730405022093,0.0675360410023131,10,mac,phase-17,without
19,280.94925472663203,1.0100228338774897,0.0,62.23043911954855,0.0686537500005215,10,mac,phase-17,without
20,278.774560272846,1.002204727874084,0.0,61.74874291095162,0.0681223339997814,10,mac,phase-17,without
21,267.5825543832899,0.9619690578548056,0.0,59.269706467828335,0.065387415997975,10,mac,phase-17,without
22,297.9280571655849,1.071062248884742,0.0,65.99125468935024,0.0728027500008465,10,mac,phase-17,without
23,275.80118690095316,0.9915153419841758,0.0,61.090138812573414,0.067395750003925,10,mac,phase-17,without
24,277.3700585054987,0.997155492713726,0.0,61.437644873652154,0.0677791249981965,10,mac,phase-17,without
25,277.16834263594376,0.996430316793953,0.0,61.392964679885495,0.0677298329974291,10,mac,phase-17,without
26,278.3068472864164,1.000523282602216,0.0,61.645144186136534,0.0680080420061131,10,mac,phase-17,without
27,278.4156319137255,1.0009143673113174,0.0,61.669240050471494,0.0680346250010188,10,mac,phase-17,without
28,277.9544010343528,0.999256225451112,0.0,61.56707711650399,0.067921916997875,10,mac,phase-17,without
29,276.82374129899574,0.9951914623992656,0.0,61.31663526395476,0.0676456250002957,10,mac,phase-17,without
0,303.6538667450133,0.9448720066976328,0.0,71.56530569246885,0.0874951669975416,10,mac,phase-10,without
1,301.02465859896444,0.9366907666442364,0.0,70.9456525106468,0.0867375840025488,10,mac,phase-10,without
2,299.1144244990058,0.9307467398263406,0.0,70.49544751647653,0.0861871669985703,10,mac,phase-10,without
3,293.9572294015164,0.9146992271339104,0.0,69.27999701810545,0.0847011669975472,10,mac,phase-10,without
4,300.39880553788765,0.9347433156071184,0.0,70.79815112653915,0.0865572499969857,10,mac,phase-10,without
5,298.60714878159104,0.9291682628907408,0.0,70.37589250413203,0.0860410000022966,10,mac,phase-10,without
6,277.2241095231678,0.8626312040020203,0.0,65.33632637719006,0.0798796669987496,10,mac,phase-10,without
7,300.03454654918687,0.9336098601853228,0.0,70.71230237329574,0.0864522920019226,10,mac,phase-10,without
8,298.0721123414342,0.92750340362092,0.0,70.24979482980672,0.0858868340001208,10,mac,phase-10,without
9,246.35294882000863,0.7665701991633321,0.0,58.060594714407934,0.0709844160010106,10,mac,phase-10,without
10,294.99838590497814,0.9179389673198582,0.0,69.52537733959667,0.0850011670045205,10,mac,phase-10,without
11,300.2719892283634,0.934348704525275,0.0,70.76826299089583,0.0865207090027979,10,mac,phase-10,without
12,298.57230126240773,0.92905982875245,0.0,70.36767962217631,0.0860309589988901,10,mac,phase-10,without
13,298.00616894932057,0.927298209246474,0.0,70.23425325589035,0.0858678329968825,10,mac,phase-10,without
14,300.45317822288536,0.9349125057068,0.0,70.81096571001504,0.0865729170036502,10,mac,phase-10,without
15,226.2276855823378,0.7039469298977896,0.0,53.317461912628886,0.065185499996005,10,mac,phase-10,without
16,300.4835452655799,0.9350069980604652,0.0,70.81812263087598,0.0865816669975174,10,mac,phase-10,without
17,298.95347907171913,0.9302459300376188,0.0,70.45751581210853,0.0861407920019701,10,mac,phase-10,without
18,298.72963041602566,0.9295493858744605,0.0,70.40475904123228,0.0860762919983244,10,mac,phase-10,without
19,297.9947474777897,0.9272626693442806,0.0,70.23156143737236,0.085864542001218,10,mac,phase-10,without
20,296.91974992417215,0.9239176268240922,0.0,69.97820543908402,0.0855547909959568,10,mac,phase-10,without
21,299.44672694714785,0.9317807568944326,0.0,70.5737647351524,0.0862829170000623,10,mac,phase-10,without
22,296.81231300431466,0.9235833180957124,0.0,69.95288464836042,0.0855238340009236,10,mac,phase-10,without
23,295.87382497762053,0.9206630487951774,0.0,69.73170128837548,0.0852534170044236,10,mac,phase-10,without
24,278.0441625481616,0.8651829421228953,0.0,65.52959691264151,0.0801159580005332,10,mac,phase-10,without
25,247.35925777903583,0.7697015051324153,0.0,58.297762147992195,0.0712743749973014,10,mac,phase-10,without
26,296.6898313446286,0.9232021950334184,0.0,69.92401810530892,0.0854885419976199,10,mac,phase-10,without
27,288.13239272872465,0.8965742311485035,0.0,67.90719639624777,0.0830227920014294,10,mac,phase-10,without
28,300.6481035323493,0.9355190498298296,0.0,70.85690581118524,0.0866290830017533,10,mac,phase-10,without
29,243.94267503466153,0.759070211586477,0.0,57.492540099790574,0.0702899169991724,10,mac,phase-10,without
0,309.7762415538039,0.0,0.0,63.37230984127286,0.068120000003546,10,mac,phase-11,without
1,311.42073409796063,0.0,0.0,63.70873102876365,0.0684816249995492,10,mac,phase-11,without
2,315.468393615639,0.0,0.0,64.53677882158232,0.0693717079993803,10,mac,phase-11,without
3,313.74090904811897,0.0,0.0,64.18337958505668,0.0689918330026557,10,mac,phase-11,without
4,310.57698038804125,0.0,0.0,63.53612056236206,0.0682960830017691,10,mac,phase-11,without
5,311.4457454166953,0.0,0.0,63.7138477059899,0.0684871250050491,10,mac,phase-11,without
6,310.3746162984881,0.0,0.0,63.49472203638219,0.0682515830048942,10,mac,phase-11,without
7,310.3448710223421,0.0,0.0,63.48863691233658,0.0682450419990345,10,mac,phase-11,without
8,310.4030381748929,0.0,0.0,63.50053642662969,0.0682578329942771,10,mac,phase-11,without
9,309.88272598227024,0.0,0.0,63.39409383658571,0.068143415999657,10,mac,phase-11,without
10,314.95073715611716,0.0,0.0,64.43087952672482,0.0692578750022221,10,mac,phase-11,without
11,311.97913169496366,0.0,0.0,63.82296492015055,0.068604416999733,10,mac,phase-11,without
12,314.11153092259957,0.0,0.0,64.25919935788926,0.0690733329975046,10,mac,phase-11,without
13,311.2255687180135,0.0,0.0,63.66880517497234,0.0684387080036685,10,mac,phase-11,without
14,309.3334279703173,0.0,0.0,63.28172148797023,0.0680226250042324,10,mac,phase-11,without
15,313.3998459687748,0.0,0.0,64.11360678701638,0.0689168330063694,10,mac,phase-11,without
16,314.72354819575156,0.0,0.0,64.38440246600322,0.0692079159998684,10,mac,phase-11,without
17,310.5500773260057,0.0,0.0,63.53061688275627,0.0682901670006685,10,mac,phase-11,without
18,309.80466346329615,0.0,0.0,63.3781242382892,0.0681262500002048,10,mac,phase-11,without
19,313.26815920758014,0.0,0.0,64.08666703789113,0.0688878750006551,10,mac,phase-11,without
20,312.11271473244335,0.0,0.0,63.85029259898814,0.0686337919978541,10,mac,phase-11,without
21,323.48735546048795,0.0,0.0,66.17725367558705,0.0711350830024457,10,mac,phase-11,without
22,317.51420374814444,0.0,0.0,64.95529934124274,0.0698215829979744,10,mac,phase-11,without
23,315.9167051463369,0.0,0.0,64.62849191451126,0.0694702920009149,10,mac,phase-11,without
24,324.14466134752286,0.0,0.0,66.31172167779643,0.0712796250008978,10,mac,phase-11,without
25,315.7636041712623,0.0,0.0,64.59717136397205,0.0694366249954328,10,mac,phase-11,without
26,314.22105311215415,0.0,0.0,64.2816048015609,0.0690974169992841,10,mac,phase-11,without
27,315.98150259875905,0.0,0.0,64.6417478188738,0.0694845410034759,10,mac,phase-11,without
28,312.78100741484513,0.0,0.0,63.987008219015664,0.0687807499998598,10,mac,phase-11,without
29,311.296246046372,0.0,0.0,63.68326395182696,0.0684542499948293,10,mac,phase-11,without
0,423.2993285357832,1.1257193189836718,10.88195341684216,73.34494332147462,0.0716147079947404,10,mac,phase-29,without
1,398.6592292206605,1.0601916085650025,10.248518882795024,69.07556095804284,0.0674460419977549,10,mac,phase-29,without
2,457.0903201348565,1.2155828493187455,11.750634210081207,79.1998979517675,0.0773315420010476,10,mac,phase-29,without
3,514.3190563490106,1.36777655626399,13.221840043885235,89.11590331966148,0.0870136250014184,10,mac,phase-29,without
4,513.1405930847361,1.3646425591752274,13.191544738693866,88.91171135549367,0.0868142500039539,10,mac,phase-29,without
5,517.1547567068353,1.375317798265706,13.29473871656849,89.60724424085022,0.0874933750019408,10,mac,phase-29,without
6,490.26978754538726,1.303820096438466,12.603594265571838,84.94889397564467,0.0829449170050793,10,mac,phase-29,without
7,519.4725243133612,1.3814816534756962,13.354322650265065,90.00884311491652,0.0878855000046314,10,mac,phase-29,without
8,518.1034381164648,1.3778407150727667,13.31912691237008,89.77162197435642,0.0876538750017061,10,mac,phase-29,without
9,525.6111254703898,1.397806607115254,13.512130535447454,91.07247663281692,0.0889240420001442,10,mac,phase-29,without
10,490.7094023236206,1.3049892049520084,12.614895647869416,85.02506589187317,0.0830192919966066,10,mac,phase-29,without
11,500.35038752648165,1.330628374601622,12.862740954482344,86.69555640673644,0.0846503749999101,10,mac,phase-29,without
12,505.79939488524866,1.3451194272434162,13.00282113001969,87.6397042211672,0.085572250005498,10,mac,phase-29,without
13,488.42094043081113,1.298903285155243,12.556065089834012,84.62854480973004,0.0826321249987813,10,mac,phase-29,without
14,503.4395128973858,1.338843573337746,12.94215454226488,87.23080820131315,0.0851729999994859,10,mac,phase-29,without
15,515.2876866466897,1.3703525250065394,13.246741075063214,89.28373759081067,0.0871774999977788,10,mac,phase-29,without
16,511.5217761021383,1.360337488440736,13.149929054927114,88.63121943917719,0.0865403749994584,10,mac,phase-29,without
17,493.5559371722591,1.312559260123976,12.6880728478651,85.51828410192365,0.083500875000027,10,mac,phase-29,without
18,507.3150213055262,1.3491500737071616,13.041784045835897,87.9023163407666,0.0858286670045345,10,mac,phase-29,without
19,517.1131388371582,1.375207119989715,13.293668826567243,89.60003312548373,0.0874863339995499,10,mac,phase-29,without
20,527.6244875195897,1.4031609282825774,13.56388897339825,91.421331250411,0.0892646670035901,10,mac,phase-29,without
21,508.09031563969927,1.3512118861198958,13.061714899158993,88.03665134950398,0.0859598329989239,10,mac,phase-29,without
22,512.7083667182519,1.3634930993530052,13.180433293745718,88.83681962707658,0.0867411250001168,10,mac,phase-29,without
23,472.03525598715373,1.2553273087963857,12.134830651698394,81.78940235004144,0.0798599589979858,10,mac,phase-29,without
24,510.89991397744865,1.3586837125891915,13.133942555028854,88.52346958177273,0.0864351670024916,10,mac,phase-29,without
25,517.1355466298558,1.375266711119289,13.294244874153128,89.60391571677215,0.0874901249990216,10,mac,phase-29,without
26,423.54044139290176,1.1263605328553132,10.88815181760136,73.38672087141926,0.0716554999962681,10,mac,phase-29,without
27,420.70326336992974,1.1188153611610816,10.815215157890457,72.89512391564892,0.071175500001118,10,mac,phase-29,without
28,459.11156121555587,1.2209581239281746,11.802595197972352,79.55011776670491,0.0776734999963082,10,mac,phase-29,without
29,402.5174899448091,1.070452240562397,10.347704992103171,69.74408059664233,0.0680987910018302,10,mac,phase-29,without
0,300.6962469621724,0.0,0.0,63.339490454251155,0.0683781249972526,10,mac,phase-16,without
1,297.817315883756,0.0,0.0,62.733064436627,0.0677234579998184,10,mac,phase-16,without
2,299.81856627760055,0.0,0.0,63.15461336348616,0.0681785409979056,10,mac,phase-16,without
3,293.4782177778501,0.0,0.0,61.81906479135154,0.0667367499991087,10,mac,phase-16,without
4,300.9928969475883,0.0,0.0,63.40197762896428,0.0684455830050865,10,mac,phase-16,without
5,302.9091294778741,0.0,0.0,63.805618157525416,0.0688813329979893,10,mac,phase-16,without
6,301.93397271938517,0.0,0.0,63.60020843652056,0.0686595830047736,10,mac,phase-16,without
7,298.40897111216174,0.0,0.0,62.85769233295232,0.0678580000021611,10,mac,phase-16,without
8,301.1378313788484,0.0,0.0,63.432507019064865,0.0684785409976029,10,mac,phase-16,without
9,300.16524277859793,0.0,0.0,63.227638262025714,0.0682573750018491,10,mac,phase-16,without
10,302.53570709857513,0.0,0.0,63.7269594330885,0.0687964169992483,10,mac,phase-16,without
11,300.62625114769776,0.0,0.0,63.32474634198656,0.0683622079959604,10,mac,phase-16,without
12,301.35917766867016,0.0,0.0,63.47913201473039,0.0685288749955361,10,mac,phase-16,without
13,299.7551711903755,0.0,0.0,63.14125964669488,0.0681641249975655,10,mac,phase-16,without
14,304.2527658133512,0.0,0.0,64.0886454373958,0.0691868750000139,10,mac,phase-16,without
15,303.4795313282674,0.0,0.0,63.92576918342971,0.0690110419964185,10,mac,phase-16,without
16,297.4405953485831,0.0,0.0,62.6537109795002,0.0676377920026425,10,mac,phase-16,without
17,306.33775437514066,0.0,0.0,64.52783320392388,0.0696610000013606,10,mac,phase-16,without
18,322.565634223188,0.0,0.0,67.94611876988051,0.0733512090009753,10,mac,phase-16,without
19,303.6565283499523,0.0,0.0,63.963052326397744,0.0690512910005054,10,mac,phase-16,without
20,304.6771294210259,0.0,0.0,64.17803456329608,0.0692833749999408,10,mac,phase-16,without
21,300.6194745682893,0.0,0.0,63.32331890452737,0.0683606670063454,10,mac,phase-16,without
22,297.64673049065647,0.0,0.0,62.697131856865795,0.067684666995774,10,mac,phase-16,without
23,301.97648382691904,0.0,0.0,63.60916309397653,0.0686692500021308,10,mac,phase-16,without
24,297.5443027834249,0.0,0.0,62.67555620086746,0.0676613750038086,10,mac,phase-16,without
25,292.8490031072213,0.0,0.0,61.686525270068515,0.0665936670047813,10,mac,phase-16,without
26,305.28948829746935,0.0,0.0,64.30702353339768,0.0694226249979692,10,mac,phase-16,without
27,299.9959370811122,0.0,0.0,63.19197524089363,0.0682188749997294,10,mac,phase-16,without
28,300.89853428238985,0.0,0.0,63.38210081576173,0.0684241249982733,10,mac,phase-16,without
29,298.13540828185586,0.0,0.0,62.80006830054803,0.0677957919979235,10,mac,phase-16,without
0,289.28287234917417,0.0,0.0,62.42629931011725,0.0676834159967256,10,mac,phase-20,without
1,294.6927660431574,0.0,0.0,63.5937367053353,0.0689491669982089,10,mac,phase-20,without
2,277.7601904303348,0.0,0.0,59.93974217495268,0.0649874579976312,10,mac,phase-20,without
3,262.90320869288206,0.0,0.0,56.733654025815085,0.0615113749954616,10,mac,phase-20,without
4,293.7341289609959,0.0,0.0,63.38686595306845,0.0687248750036815,10,mac,phase-20,without
5,292.09271527384254,0.0,0.0,63.03265423879081,0.0683408339973539,10,mac,phase-20,without
6,293.5832888779959,0.0,0.0,63.35431515566778,0.0686895830003777,10,mac,phase-20,without
7,293.31295470960566,0.0,0.0,63.29597792480224,0.0686263330062502,10,mac,phase-20,without
8,291.9546931410586,0.0,0.0,63.002869513194646,0.0683085410055355,10,mac,phase-20,without
9,294.338014940254,0.0,0.0,63.517182575633115,0.0688661660024081,10,mac,phase-20,without
10,291.76485654961874,0.0,0.0,62.96190339660087,0.0682641250023152,10,mac,phase-20,without
11,291.4241799062767,0.0,0.0,62.88838648931725,0.0681844170030672,10,mac,phase-20,without
12,289.7307595134493,0.0,0.0,62.52295189776321,0.0677882080053677,10,mac,phase-20,without
13,295.45675398335953,0.0,0.0,63.75860280831983,0.0691279169986955,10,mac,phase-20,without
14,268.6430896357433,0.0,0.0,57.97230159189356,0.0628543330021784,10,mac,phase-20,without
15,296.1544940115595,0.0,0.0,63.90917282820156,0.0692911669975728,10,mac,phase-20,without
16,296.023421474765,0.0,0.0,63.88088780272865,0.0692605000003823,10,mac,phase-20,without
17,290.78556292650717,0.0,0.0,62.75057503024304,0.0680350000038743,10,mac,phase-20,without
18,295.5148085401528,0.0,0.0,63.771130792120815,0.0691415000037523,10,mac,phase-20,without
19,288.2072371897795,0.0,0.0,62.19418075479606,0.0674317500015604,10,mac,phase-20,without
20,291.18376409458483,0.0,0.0,62.83650554214024,0.0681281669967575,10,mac,phase-20,without
21,291.5402932180753,0.0,0.0,62.91344336287967,0.0682115839954349,10,mac,phase-20,without
22,294.4389938216699,0.0,0.0,63.53897348853465,0.0688897919972078,10,mac,phase-20,without
23,290.7937520213083,0.0,0.0,62.75234221016276,0.0680369160036207,10,mac,phase-20,without
24,292.5845867335617,0.0,0.0,63.13879849377964,0.0684559169967542,10,mac,phase-20,without
25,273.97462270495254,0.0,0.0,59.12282902014209,0.0641017499947338,10,mac,phase-20,without
26,299.1048380666353,0.0,0.0,64.54584744206421,0.0699814580002566,10,mac,phase-20,without
27,294.26660397366516,0.0,0.0,63.501772322208495,0.0688494580026599,10,mac,phase-20,without
28,292.6253698145022,0.0,0.0,63.14759934948502,0.0684654590004356,10,mac,phase-20,without
29,290.1271784005321,0.0,0.0,62.60849779924106,0.0678809579985681,10,mac,phase-20,without
0,254.6307029336884,0.0803251428812897,0.0,57.08440154096989,0.0676555829995777,10,mac,phase-18,without
1,263.7963996346027,0.0832165298531869,0.0,59.139213882331546,0.0700909160004812,10,mac,phase-18,without
2,253.7492302434404,0.0800470757865742,0.0,56.886788525658766,0.0674213749953196,10,mac,phase-18,without
3,315.84115707071624,0.0996344344071659,0.0,70.8068713853593,0.0839192499988712,10,mac,phase-18,without
4,333.3536481717153,0.105158879549437,0.0,74.73291039979989,0.0885723329993197,10,mac,phase-18,without
5,326.45130554812584,0.1029814844000397,0.0,73.18550824696155,0.0867383750010049,10,mac,phase-18,without
6,326.90936964191224,0.1031259841141679,0.0,73.28819937713531,0.0868600829999195,10,mac,phase-18,without
7,326.48454970016655,0.1029919715142481,0.0,73.192961089459,0.0867472079989966,10,mac,phase-18,without
8,335.22370649608524,0.1057488033110679,0.0,75.15214955306558,0.0890692090033553,10,mac,phase-18,without
9,330.8312320406672,0.1043631646815984,0.0,74.16742236705599,0.0879021250002551,10,mac,phase-18,without
10,325.4089376060097,0.1026526617053658,0.0,72.95182491861333,0.0864614169986452,10,mac,phase-18,without
11,322.90000279495933,0.101861199619861,0.0,72.38935919651455,0.0857947909971699,10,mac,phase-18,without
12,324.9560484905712,0.1025097944765209,0.0,72.85029394131418,0.0863410839956486,10,mac,phase-18,without
13,323.1647140635819,0.1019447047519185,0.0,72.44870351036347,0.0858651249945978,10,mac,phase-18,without
14,321.04641790612,0.1012764725255899,0.0,71.97381314151923,0.0853022919982322,10,mac,phase-18,without
15,322.4284536295638,0.1017124459399255,0.0,72.28364491464039,0.0856695000038598,10,mac,phase-18,without
16,321.7960054059207,0.1015129354592809,0.0,72.14185946639569,0.0855014580010902,10,mac,phase-18,without
17,303.00058629844494,0.0955837811667018,0.0,67.92820714913613,0.0805074999952921,10,mac,phase-18,without
18,319.4832536685931,0.1007833607787359,0.0,71.62337506008836,0.0848869580004247,10,mac,phase-18,without
19,324.52934299437413,0.1023751870644713,0.0,72.7546329404843,0.0862277080013882,10,mac,phase-18,without
20,335.0232930833541,0.1056855814143072,0.0,75.10721985843438,0.0890159589980612,10,mac,phase-18,without
21,328.476451821486,0.1036203318048851,0.0,73.63951580267174,0.0872764579980867,10,mac,phase-18,without
22,329.2296486453677,0.1038579333266144,0.0,73.80837128411399,0.087476583001262,10,mac,phase-18,without
23,327.0558388796751,0.1031721889210331,0.0,73.32103559321422,0.086898999994446,10,mac,phase-18,without
24,324.61872924541194,0.1024033846200037,0.0,72.77467200328267,0.0862514580003335,10,mac,phase-18,without
25,318.41955724016697,0.1004478098549422,0.0,71.38491020357897,0.084604333002062,10,mac,phase-18,without
26,300.9517592509948,0.0949374634861182,0.0,67.46889071746803,0.0799631249974481,10,mac,phase-18,without
27,324.7123495870697,0.1024329178508106,0.0,72.79566028597608,0.0862763330005691,10,mac,phase-18,without
28,323.6961727674179,0.1021123573398794,0.0,72.56784861620767,0.0860063340005581,10,mac,phase-18,without
29,321.83113513979686,0.1015240173942576,0.0,72.14973502818579,0.0855107919996953,10,mac,phase-18,without
0,305.721962186582,0.0,0.0,63.66560385029554,0.0687287079999805,10,mac,phase-27,without
1,307.5698377636455,0.0,0.0,64.05041792649908,0.0691441250019124,10,mac,phase-27,without
2,304.5750584918347,0.0,0.0,63.426764887723195,0.0684708750050049,10,mac,phase-27,without
3,302.04790068450137,0.0,0.0,62.90049249735214,0.0679027500009397,10,mac,phase-27,without
4,302.7877946617043,0.0,0.0,63.05457301059663,0.0680690840017632,10,mac,phase-27,without
5,302.41839922506983,0.0,0.0,62.97764761287684,0.0679860409945831,10,mac,phase-27,without
6,304.01921499319684,0.0,0.0,63.311012287766246,0.068345917003171,10,mac,phase-27,without
7,303.2455899794055,0.0,0.0,63.14990739590814,0.068171999999322,10,mac,phase-27,without
8,306.7875031062147,0.0,0.0,63.88749927969296,0.0689682500014896,10,mac,phase-27,without
9,304.17471662540027,0.0,0.0,63.34339499669278,0.0683808749963645,10,mac,phase-27,without
10,304.8949627430861,0.0,0.0,63.49338390712414,0.0685427920034271,10,mac,phase-27,without
11,310.9972086145361,0.0,0.0,64.76415675402785,0.0699146249971818,10,mac,phase-27,without
12,303.45410134996797,0.0,0.0,63.19332921036192,0.0682188749997294,10,mac,phase-27,without
13,303.2832176918836,0.0,0.0,63.15774324459655,0.0681804590058163,10,mac,phase-27,without
14,305.3787091124342,0.0,0.0,63.594122514500135,0.0686515420020441,10,mac,phase-27,without
15,299.556141985043,0.0,0.0,62.381591856012456,0.0673425829954794,10,mac,phase-27,without
16,310.09439777626403,0.0,0.0,64.57614933457363,0.0697116660012397,10,mac,phase-27,without
17,309.0629659837681,0.0,0.0,64.36135701991627,0.069479792000493,10,mac,phase-27,without
18,303.34771274786874,0.0,0.0,63.171174130147875,0.068194958003005,10,mac,phase-27,without
19,302.234170867233,0.0,0.0,62.93928265680976,0.0679446250069304,10,mac,phase-27,without
20,304.56560596920565,0.0,0.0,63.42479643064285,0.068468750003376,10,mac,phase-27,without
21,307.0223302521347,0.0,0.0,63.93640126873722,0.0690210409957217,10,mac,phase-27,without
22,305.56497926280053,0.0,0.0,63.63291266721779,0.0686934170007589,10,mac,phase-27,without
23,307.9737025847265,0.0,0.0,64.13452146137145,0.0692349169985391,10,mac,phase-27,without
24,306.6599897546909,0.0,0.0,63.86094503914815,0.0689395839945063,10,mac,phase-27,without
25,302.4908700108722,0.0,0.0,62.992739418210725,0.0680023329987307,10,mac,phase-27,without
26,300.3927852296424,0.0,0.0,62.555820089384135,0.0675306669945712,10,mac,phase-27,without
27,307.767415320001,0.0,0.0,64.09156280972131,0.0691885419946629,10,mac,phase-27,without
28,302.781304689866,0.0,0.0,63.05322149507873,0.0680676250049145,10,mac,phase-27,without
29,302.1294503364202,0.0,0.0,62.91747494701346,0.0679210830057854,10,mac,phase-27,without
0,315.8166415430196,0.0,0.0,71.55382505573768,0.0880411670004832,10,mac,phase-5,without
1,286.0633453360258,0.0,0.0,64.81269152577208,0.0797467500015045,10,mac,phase-5,without
2,313.0570777710135,0.0,0.0,70.92859725771052,0.0872718750033527,10,mac,phase-5,without
3,308.9532305134665,0.0,0.0,69.99879834880156,0.0861278330048662,10,mac,phase-5,without
4,308.43414159245566,0.0,0.0,69.88118960703004,0.0859831250054412,10,mac,phase-5,without
5,308.23565035456966,0.0,0.0,69.83621791952999,0.0859277909985394,10,mac,phase-5,without
6,309.07130861685545,0.0,0.0,70.02555102374461,0.0861607499973615,10,mac,phase-5,without
7,310.18392336137737,0.0,0.0,70.27763349918031,0.0864709169982234,10,mac,phase-5,without
8,309.104489721779,0.0,0.0,70.03306878773974,0.086169999995036,10,mac,phase-5,without
9,311.85239528042814,0.0,0.0,70.65565521210488,0.0869360419965232,10,mac,phase-5,without
10,309.7618344994348,0.0,0.0,70.18200183000086,0.086353250000684,10,mac,phase-5,without
11,307.98514910300486,0.0,0.0,69.7794624469775,0.0858579580017249,10,mac,phase-5,without
12,311.25931787985377,0.0,0.0,70.52128307655853,0.0867707080033142,10,mac,phase-5,without
13,307.8440558444205,0.0,0.0,69.7474952830815,0.0858186250043218,10,mac,phase-5,without
14,307.8869545283353,0.0,0.0,69.75721473582777,0.0858305840010871,10,mac,phase-5,without
15,308.2782477408661,0.0,0.0,69.84586910799173,0.08593966600165,10,mac,phase-5,without
16,306.82904378030355,0.0,0.0,69.5175264147203,0.0855356669999309,10,mac,phase-5,without
17,307.12557891795,0.0,0.0,69.58471167531444,0.0856183330033673,10,mac,phase-5,without
18,310.8970159762155,0.0,0.0,70.43919719627168,0.0866697079982259,10,mac,phase-5,without
19,309.5836716636141,0.0,0.0,70.1416359001896,0.0863035830043372,10,mac,phase-5,without
20,311.40639092002573,0.0,0.0,70.5546050653412,0.0868117080026422,10,mac,phase-5,without
21,317.1811027296167,0.0,0.0,71.8629677803392,0.088421542001015,10,mac,phase-5,without
22,311.9760012189771,0.0,0.0,70.68366031550781,0.0869705000004614,10,mac,phase-5,without
23,259.64086611242755,0.0,0.0,58.82621327476237,0.0723808749971794,10,mac,phase-5,without
24,309.0541226205383,0.0,0.0,70.02165723344947,0.0861559590048273,10,mac,phase-5,without
25,309.0817723407111,0.0,0.0,70.02792176476237,0.0861636670015286,10,mac,phase-5,without
26,311.56422898167176,0.0,0.0,70.59036605942617,0.0868557089997921,10,mac,phase-5,without
27,291.27606954069114,0.0,0.0,65.99372604625228,0.081199917003687,10,mac,phase-5,without
28,310.2794311568168,0.0,0.0,70.29927247315251,0.0864975419972324,10,mac,phase-5,without
29,254.3169403535346,0.0,0.0,57.619984082721295,0.0708967079990543,10,mac,phase-5,without
0,295.56381491985087,0.0,0.0,64.40996834269353,0.0689168749959208,10,mac,phase-2,without
1,292.9117899350054,0.0,0.0,63.832032760950376,0.068298499994853,10,mac,phase-2,without
2,298.182066414368,0.0,0.0,64.98054392523157,0.069527375002508,10,mac,phase-2,without
3,266.1084859341793,0.0,0.0,57.99099311054205,0.0620487499982118,10,mac,phase-2,without
4,292.7641857549563,0.0,0.0,63.7998665075584,0.0682640829982119,10,mac,phase-2,without
5,293.3478092458931,0.0,0.0,63.92705112447601,0.0684001670015277,10,mac,phase-2,without
6,294.64942974187426,0.0,0.0,64.21070335356598,0.0687036669987719,10,mac,phase-2,without
7,296.68959874211004,0.0,0.0,64.65530182633425,0.0691793750011129,10,mac,phase-2,without
8,294.8887006250224,0.0,0.0,64.2628458325534,0.0687594580012955,10,mac,phase-2,without
9,295.15227983001137,0.0,0.0,64.32028563875475,0.0688209169966285,10,mac,phase-2,without
10,290.6847022677367,0.0,0.0,63.34670052843714,0.0677792080023209,10,mac,phase-2,without
11,294.45357766054786,0.0,0.0,64.16802280296643,0.0686579999965033,10,mac,phase-2,without
12,292.47201807649003,0.0,0.0,63.73619663333556,0.0681959580033435,10,mac,phase-2,without
13,294.7008941303778,0.0,0.0,64.22191859530722,0.0687156669955584,10,mac,phase-2,without
14,272.00670099030486,0.0,0.0,59.276346140467126,0.0634240419967682,10,mac,phase-2,without
15,298.39560505645784,0.0,0.0,65.02707877314818,0.0695771659957245,10,mac,phase-2,without
16,301.81066704160895,0.0,0.0,65.77129718977528,0.0703734590060776,10,mac,phase-2,without
17,295.9329991160775,0.0,0.0,64.49042183933697,0.0690029580000555,10,mac,phase-2,without
18,295.25288419120227,0.0,0.0,64.34220958002342,0.0688443750041187,10,mac,phase-2,without
19,301.8601629004876,0.0,0.0,65.78208344486653,0.0703849999990779,10,mac,phase-2,without
20,286.4547915575912,0.0,0.0,62.42490834285863,0.0667929159972118,10,mac,phase-2,without
21,290.8757295246105,0.0,0.0,63.38832964183578,0.0678237499960232,10,mac,phase-2,without
22,288.97083044730425,0.0,0.0,62.97320951186117,0.0673795830007293,10,mac,phase-2,without
23,296.38670929393584,0.0,0.0,64.58929543859858,0.0691087500017602,10,mac,phase-2,without
24,295.5164591211883,0.0,0.0,64.399648454606,0.0689058330026455,10,mac,phase-2,without
25,268.26248562413593,0.0,0.0,58.4603978374972,0.0625510000027134,10,mac,phase-2,without
26,293.4117794845162,0.0,0.0,63.94099167076958,0.0684150829983991,10,mac,phase-2,without
27,293.46628031085334,0.0,0.0,63.952868620253305,0.0684277910040691,10,mac,phase-2,without
28,292.03207031876735,0.0,0.0,63.64032217334782,0.0680933749972609,10,mac,phase-2,without
29,296.7944917425345,0.0,0.0,64.67816035804776,0.0692038329943898,10,mac,phase-2,without
0,307.4320612663604,0.0,0.0,63.35199239749272,0.0671285829957923,10,mac,phase-3,without
1,319.09229461987655,0.0,0.0,65.75479648930452,0.0696746250032447,10,mac,phase-3,without
2,315.8303683771894,0.0,0.0,65.08261699808075,0.0689623750004102,10,mac,phase-3,without
3,320.11071629586803,0.0,0.0,65.96466088018519,0.0698970000012195,10,mac,phase-3,without
4,312.61748207640557,0.0,0.0,64.42054308274855,0.0682608329952927,10,mac,phase-3,without
5,307.04469238953703,0.0,0.0,63.27216796396276,0.0670440000030794,10,mac,phase-3,without
6,315.62218214509465,0.0,0.0,65.03971642180838,0.0689169170000241,10,mac,phase-3,without
7,310.95312800205056,0.0,0.0,64.07757252128222,0.0678974169932189,10,mac,phase-3,without
8,313.5021384751786,0.0,0.0,64.60284269463226,0.0684540000002016,10,mac,phase-3,without
9,312.90657876781614,0.0,0.0,64.48011673723646,0.0683239580030203,10,mac,phase-3,without
10,312.5113876374554,0.0,0.0,64.39868038546805,0.0682376670010853,10,mac,phase-3,without
11,300.6441130311362,0.0,0.0,61.95321166128344,0.0656464170024264,10,mac,phase-3,without
12,314.46636338728104,0.0,0.0,64.80153885224628,0.068664540995087,10,mac,phase-3,without
13,314.6789461985706,0.0,0.0,64.84534542397851,0.0687109589998726,10,mac,phase-3,without
14,314.42801259563953,0.0,0.0,64.7936359710357,0.0686561670008814,10,mac,phase-3,without
15,319.99393270665615,0.0,0.0,65.9405954882237,0.0698715000035008,10,mac,phase-3,without
16,311.43609920090114,0.0,0.0,64.17709755973057,0.0680028749993653,10,mac,phase-3,without
17,315.12031493923246,0.0,0.0,64.93629751592275,0.0688073330020415,10,mac,phase-3,without
18,320.1736878576916,0.0,0.0,65.9776373208644,0.0699107500040554,10,mac,phase-3,without
19,315.997721590775,0.0,0.0,65.1171031849511,0.0689989170059561,10,mac,phase-3,without
20,315.1537104407051,0.0,0.0,64.94317926907071,0.0688146249958663,10,mac,phase-3,without
21,396.2162204473379,0.0,0.0,81.64759030709996,0.0865148329976364,10,mac,phase-3,without
22,290.1811039602498,0.0,0.0,59.79711750381885,0.0633617920029792,10,mac,phase-3,without
23,316.5843095668302,0.0,0.0,65.23798035321532,0.0691270000024815,10,mac,phase-3,without
24,308.9101752836846,0.0,0.0,63.65658479297168,0.0674513330013724,10,mac,phase-3,without
25,324.2240911390176,0.0,0.0,66.8122969098102,0.0707951660006074,10,mac,phase-3,without
26,319.4119244478356,0.0,0.0,65.82066205435802,0.069744417000038,10,mac,phase-3,without
27,316.58221200981916,0.0,0.0,65.237548113275,0.0691265419955016,10,mac,phase-3,without
28,311.29393463203826,0.0,0.0,64.14780195325189,0.0679718329993193,10,mac,phase-3,without
29,318.88009651176566,0.0,0.0,65.71106919269002,0.0696282909993897,10,mac,phase-3,without
0,303.23390333758607,0.0,0.0,75.59622229023033,0.0861223750034696,10,mac,phase-4,without
1,299.87754304590914,0.0,0.0,74.75948155674698,0.0851691249990835,10,mac,phase-4,without
2,303.496507488735,0.0,0.0,75.66168951393483,0.0861969580000732,10,mac,phase-4,without
3,250.8244775680612,0.0,0.0,62.5305506850156,0.0712374159993487,10,mac,phase-4,without
4,280.98976423022,0.0,0.0,70.05075766339677,0.0798047499993117,10,mac,phase-4,without
5,302.6632146728885,0.0,0.0,75.453949586947,0.085960291995434,10,mac,phase-4,without
6,302.2430473239825,0.0,0.0,75.3492018527478,0.0858409590000519,10,mac,phase-4,without
7,288.1644636376654,0.0,0.0,71.83941046673124,0.0818424580065766,10,mac,phase-4,without
8,299.15970621388135,0.0,0.0,74.58052481040428,0.0849652499964577,10,mac,phase-4,without
9,303.53919918635705,0.0,0.0,75.67233255558638,0.0862090829978114,10,mac,phase-4,without
10,304.1503789285395,0.0,0.0,75.82469968584712,0.0863826659988262,10,mac,phase-4,without
11,302.7150010544735,0.0,0.0,75.46685993361608,0.0859750000017811,10,mac,phase-4,without
12,304.3796818047821,0.0,0.0,75.8818649005986,0.086447790999955,10,mac,phase-4,without
13,291.44937998960955,0.0,0.0,72.6583402236388,0.0827754170022672,10,mac,phase-4,without
14,299.5502411494769,0.0,0.0,74.6778851829696,0.0850761670008068,10,mac,phase-4,without
15,299.0150508701026,0.0,0.0,74.54446222834005,0.084924165996199,10,mac,phase-4,without
16,301.69890677153836,0.0,0.0,75.21354759474123,0.0856864160014083,10,mac,phase-4,without
17,293.7211350318159,0.0,0.0,73.22468883198815,0.0834206250001443,10,mac,phase-4,without
18,301.99774870612936,0.0,0.0,75.28804889907536,0.0857712910001282,10,mac,phase-4,without
19,290.7437186585,0.0,0.0,72.4824188300841,0.0825750000003608,10,mac,phase-4,without
20,300.40744832723414,0.0,0.0,74.89158696118525,0.0853196249954635,10,mac,phase-4,without
21,302.49420835289175,0.0,0.0,75.41181630569348,0.0859122920010122,10,mac,phase-4,without
22,302.62287146478,0.0,0.0,75.4438920238101,0.0859488339992822,10,mac,phase-4,without
23,297.91387246601477,0.0,0.0,74.26993841520314,0.0846114169980865,10,mac,phase-4,without
24,300.38544230519113,0.0,0.0,74.88610085915057,0.0853133749988046,10,mac,phase-4,without
25,302.0932584124877,0.0,0.0,75.31185947207949,0.0857984169997507,10,mac,phase-4,without
26,298.48529699349257,0.0,0.0,74.4123945691023,0.0847737090007285,10,mac,phase-4,without
27,301.0101214300942,0.0,0.0,75.04183338597713,0.0854907920002006,10,mac,phase-4,without
28,298.8282953574442,0.0,0.0,74.49790407275962,0.0848711250000633,10,mac,phase-4,without
29,301.1461152201156,0.0,0.0,75.07573664239862,0.0855294160064659,10,mac,phase-4,without
0,376.1194842106595,0.1028491890102979,1.4741717091476034,69.90316546399914,0.070418499999505,10,mac,phase-22,without
1,375.3772813659091,0.1026462349920451,1.471262701552647,69.76522438292668,0.0702795420002075,10,mac,phase-22,without
2,372.25223442040107,0.1017916965874763,1.459014317753828,69.18442311395476,0.0696944589944905,10,mac,phase-22,without
3,385.4868428198003,0.1054106761880777,1.510886358695781,71.64412291583018,0.0721722919988678,10,mac,phase-22,without
4,376.4646594225691,0.1029435765443175,1.4755245971352176,69.96731752462112,0.0704831249968265,10,mac,phase-22,without
5,358.7098339166928,0.0980885517956502,1.4059359090709862,66.66751903711025,0.0671589999983552,10,mac,phase-22,without
6,348.4707482819762,0.0952886924479016,1.3658045917532566,64.76454796709048,0.0652419999969424,10,mac,phase-22,without
7,377.0809007160486,0.1031120866054275,1.4779399080111284,70.0818481961556,0.0705985000022337,10,mac,phase-22,without
8,372.1874670252756,0.1017739860610543,1.4587604668751115,69.17238585949659,0.069682332999946,10,mac,phase-22,without
9,344.4984530925867,0.0942024755517054,1.3502354829077776,64.02628254997578,0.0644982919984613,10,mac,phase-22,without
10,365.7985019329385,0.1000269351744431,1.4337194041670178,67.98497360689649,0.0684861670015379,10,mac,phase-22,without
11,352.5520948030448,0.0964047292324432,1.3818011189983526,65.52308096831723,0.0660061249946011,10,mac,phase-22,without
12,327.2959987393395,0.089498495690276,1.282811771560623,60.82914423749095,0.0612775839981623,10,mac,phase-22,without
13,350.5745145526551,0.0958639635090662,1.3740501436299488,65.155540531662,0.0656358750056824,10,mac,phase-22,without
14,348.36548389342033,0.0952599080922669,1.36539201598916,64.74498420004412,0.0652222920034546,10,mac,phase-22,without
15,370.7199715553666,0.101372702093346,1.4530087300046275,68.89964652277756,0.0694075829960638,10,mac,phase-22,without
16,393.78017104004334,0.1076784717090629,1.5433914278299028,73.1854679382598,0.0737250000020139,10,mac,phase-22,without
17,402.0710529521565,0.1099455982915385,1.5758869088453855,74.72635830548236,0.0752772499981802,10,mac,phase-22,without
18,373.83523342380454,0.1022245647863835,1.4652187619381638,69.478629199812,0.0699908340029651,10,mac,phase-22,without
19,367.5913620968913,0.1005171895260845,1.4407463832072125,68.3181831478955,0.0688218330033123,10,mac,phase-22,without
20,365.9671931593512,0.1000730634835524,1.4343805765975846,68.01632548098779,0.0685177500054123,10,mac,phase-22,without
21,333.9660446668918,0.0913224076201508,1.3089545092221626,62.06879637916255,0.0625263750043814,10,mac,phase-22,without
22,366.693153401072,0.1002715759915428,1.437225922545447,68.15124781558525,0.068653667003673,10,mac,phase-22,without
23,363.69117314929224,0.0994506899505857,1.4254598892917296,67.5933189364148,0.0680916250057634,10,mac,phase-22,without
24,364.9750647376018,0.0998017677707415,1.430492004713962,67.83193482818066,0.068332000002556,10,mac,phase-22,without
25,369.7136034968617,0.1010975125777582,1.4490643469478677,68.71260938201632,0.0692191669950261,10,mac,phase-22,without
26,376.5937403004009,0.102978873475636,1.4760305198174497,69.99130767227395,0.0705072920027305,10,mac,phase-22,without
27,364.0695065079672,0.0995541445195425,1.4269427381134436,67.6636335584491,0.0681624579956405,10,mac,phase-22,without
28,367.74291871241866,0.1005586324070053,1.4413403978337438,68.34635049262799,0.0688502080010948,10,mac,phase-22,without
29,358.35531160656274,0.0979916083146192,1.4045463858428764,66.6016297845029,0.0670926250022603,10,mac,phase-22,without
0,318.0434962832716,0.1047574098429748,0.0,66.0670064743028,0.0704760419976082,10,mac,phase-25,without
1,300.3091747708265,0.0989160654712867,0.0,62.38306529055815,0.0665462499964633,10,mac,phase-25,without
2,311.3660715806597,0.1025579945917851,0.0,64.67990858921917,0.0689963750046445,10,mac,phase-25,without
3,307.96812656956257,0.1014387768674448,0.0,63.97405527773522,0.0682434159971308,10,mac,phase-25,without
4,307.9854286365557,0.1014444758354926,0.0,63.97764942691737,0.0682472500047879,10,mac,phase-25,without
5,303.54277752976253,0.0999811520190258,0.0,63.05477987333232,0.0672627919993829,10,mac,phase-25,without
6,295.5978232288647,0.097364236900153,0.0,61.40437873836319,0.0655022499995539,10,mac,phase-25,without
7,309.92668146656416,0.1020838871760751,0.0,64.3809048457114,0.0686774170026183,10,mac,phase-25,without
8,281.20051954266887,0.0926220420101017,0.0,58.41363449437083,0.0623119160009082,10,mac,phase-25,without
9,299.98387491674634,0.0988089179567675,0.0,62.31549092473475,0.0664741660002619,10,mac,phase-25,without
10,305.7382448097462,0.1007042967094025,0.0,63.51084312472989,0.0677492910035653,10,mac,phase-25,without
11,294.734003229727,0.0970797112087374,0.0,61.224937868977115,0.0653108339975006,10,mac,phase-25,without
12,298.89347681440523,0.0984497617965761,0.0,62.08898310637403,0.0662325419980334,10,mac,phase-25,without
13,308.355851863169,0.1015664861209384,0.0,64.05459724693849,0.0683293330002925,10,mac,phase-25,without
14,310.24746403189397,0.1021895467825737,0.0,64.44754083754319,0.0687485000016749,10,mac,phase-25,without
15,311.1235091390795,0.1024780991894201,0.0,64.62952122212762,0.0689426249955431,10,mac,phase-25,without
16,308.5540400267205,0.1016317654896971,0.0,64.09576676883565,0.0683732500037876,10,mac,phase-25,without
17,305.98663773748234,0.100786112561753,0.0,63.562441655612275,0.0678043330044602,10,mac,phase-25,without
18,292.8154993760287,0.0964477929433559,0.0,60.82640808294316,0.064885708001384,10,mac,phase-25,without
19,275.3126478356244,0.0906826903279395,0.0,57.190550033487185,0.0610072080016834,10,mac,phase-25,without
20,306.57198705890426,0.1009789153685455,0.0,63.68403595909606,0.0679340420028893,10,mac,phase-25,without
21,299.9385619885642,0.0987939927498564,0.0,62.3060780942428,0.0664641249968553,10,mac,phase-25,without
22,306.6251973620329,0.1009964418188514,0.0,63.69508930708896,0.0679458330050692,10,mac,phase-25,without
23,306.3495426676122,0.1009056464649579,0.0,63.637827703900115,0.067884750002122,10,mac,phase-25,without
24,304.5282532805252,0.1003057487748765,0.0,63.25949222735547,0.0674811659991974,10,mac,phase-25,without
25,312.89270739925354,0.1030608390643127,0.0,64.99703583655992,0.069334665997303,10,mac,phase-25,without
26,306.72541736758814,0.1010294523608656,0.0,63.715907955585934,0.0679680410030414,10,mac,phase-25,without
27,306.35518366378886,0.1009075045005892,0.0,63.63899950503827,0.0678860000043641,10,mac,phase-25,without
28,303.16651925294775,0.0998572197802858,0.0,62.97661994143359,0.0671794160007266,10,mac,phase-25,without
29,307.1612805694235,0.1011730173153568,0.0,63.80644958688507,0.0680646250038989,10,mac,phase-25,without
0,315.2685064044108,1.0496534957079513,0.0,64.40132093021043,0.0687121249939082,10,mac,phase-13,without
1,314.17382763917124,1.0460088773294285,0.0,64.17770595743784,0.0684735419999924,10,mac,phase-13,without
2,313.19748443178446,1.0427582448056405,0.0,63.9782639232364,0.0682607499984442,10,mac,phase-13,without
3,318.2126359755493,1.05945566697906,0.0,65.00273156755394,0.0693537920014932,10,mac,phase-13,without
4,282.3759053861895,0.9401410231953468,0.0,57.6822008425016,0.061543249998067,10,mac,phase-13,without
5,321.98321971372366,1.072009430901668,0.0,65.77296572822493,0.0701755830014008,10,mac,phase-13,without
6,316.9822183463278,1.0553591202594954,0.0,64.75138860430839,0.069085625000298,10,mac,phase-13,without
7,309.3607473121048,1.0299842301229996,0.0,63.19451631270792,0.0674245410045841,10,mac,phase-13,without
8,309.1332480286353,1.0292267950690253,0.0,63.14804400713826,0.067374958001892,10,mac,phase-13,without
9,309.5574685882235,1.0306391930227612,0.0,63.2347014557836,0.0674674160036374,10,mac,phase-13,without
10,310.23806225304827,1.032905158398077,0.0,63.37372939590783,0.0676157499983673,10,mac,phase-13,without
11,314.9805936376203,1.0486949202842046,0.0,64.3425076896954,0.0686493749963119,10,mac,phase-13,without
12,310.99435750196216,1.0354231642746028,0.0,63.52822124033209,0.0677805829982389,10,mac,phase-13,without
13,302.2611944541267,1.0063470119297528,0.0,61.74425860291581,0.0658772080059861,10,mac,phase-13,without
14,311.56598023332543,1.0373263223319824,0.0,63.64498919598164,0.0679051670012995,10,mac,phase-13,without
15,289.5773587298098,0.964117508390517,0.0,59.15327422447624,0.0631127919987193,10,mac,phase-13,without
16,313.3504246291615,1.04326744318591,0.0,64.00950570772905,0.068294083001092,10,mac,phase-13,without
17,308.59680801280683,1.0274407741807552,0.0,63.03846298360634,0.0672580419995938,10,mac,phase-13,without
18,311.23638777221015,1.0362289787282262,0.0,63.57766185616407,0.0678333329997258,10,mac,phase-13,without
19,312.72393558727396,1.041181613490011,0.0,63.88152996316132,0.0681575409980723,10,mac,phase-13,without
20,313.78535415033616,1.0447154955064355,0.0,64.09835072429807,0.0683888749990728,10,mac,phase-13,without
21,316.3211247316838,1.053158078260359,0.0,64.61634402745813,0.0689415410015499,10,mac,phase-13,without
22,309.1298114208343,1.0292153532430313,0.0,63.14734199574985,0.0673742090002633,10,mac,phase-13,without
23,315.67532833161897,1.051007966736139,0.0,64.48442428168181,0.0688007909993757,10,mac,phase-13,without
24,311.50384610922924,1.0371194532688333,0.0,63.6322967779781,0.067891624996264,10,mac,phase-13,without
25,315.9911560337564,1.0520594820155136,0.0,64.54893983204862,0.0688696249999338,10,mac,phase-13,without
26,283.9395447763309,0.9453469968925204,0.0,58.00161251901851,0.061884041999292,10,mac,phase-13,without
27,321.9576035285465,1.0719241444941403,0.0,65.76773299444693,0.0701700000063283,10,mac,phase-13,without
28,314.52425073348616,1.0471755743462647,0.0,64.24928846472889,0.0685499159953906,10,mac,phase-13,without
29,312.4016155467119,1.040108482649347,0.0,63.81568819351799,0.0680872920056572,10,mac,phase-13,without
0,311.59367925352166,0.0,0.0,72.32524053893655,0.0842451249991427,10,mac,phase-14,without
1,314.6147113063084,0.0,0.0,73.02646423004957,0.0850619169941637,10,mac,phase-14,without
2,317.0589047950213,0.0,0.0,73.59379564196513,0.085722749994602,10,mac,phase-14,without
3,316.35045698648344,0.0,0.0,73.42935502081859,0.0855312080020667,10,mac,phase-14,without
4,310.3879176166453,0.0,0.0,72.04536643934435,0.0839191249979194,10,mac,phase-14,without
5,319.6777081144411,0.0,0.0,74.20165643187254,0.086430791998282,10,mac,phase-14,without
6,254.6704492989941,0.0,0.0,59.112564631718605,0.0688548749967594,10,mac,phase-14,without
7,313.85401997041055,0.0,0.0,72.84989715726266,0.0848562499959371,10,mac,phase-14,without
8,273.9504631496793,0.0,0.0,63.58772485539658,0.0740675839988398,10,mac,phase-14,without
9,303.15396548952185,0.0,0.0,70.36626521721826,0.0819632919956347,10,mac,phase-14,without
10,319.6621404622535,0.0,0.0,74.19804296258846,0.0864265829950454,10,mac,phase-14,without
11,321.3189864206904,0.0,0.0,74.58262002707511,0.0868745420011691,10,mac,phase-14,without
12,327.9853465847884,0.0,0.0,76.12997523512246,0.0886769159988034,10,mac,phase-14,without
13,316.0251306481012,0.0,0.0,73.35384223848772,0.0854432499982067,10,mac,phase-14,without
14,248.80099032368904,0.0,0.0,57.750181308541606,0.0672679580020485,10,mac,phase-14,without
15,293.83489274284335,0.0,0.0,68.20317840615691,0.0794437079966883,10,mac,phase-14,without
16,319.29011864863867,0.0,0.0,74.1116915089265,0.0863260000041918,10,mac,phase-14,without
17,317.9883472997439,0.0,0.0,73.8095322155767,0.0859740419982699,10,mac,phase-14,without
18,317.7534827019866,0.0,0.0,73.7550168654336,0.0859105420022388,10,mac,phase-14,without
19,317.9663070322047,0.0,0.0,73.80441636195883,0.0859680830035358,10,mac,phase-14,without
20,309.99647784933063,0.0,0.0,71.95450780769507,0.0838132920034695,10,mac,phase-14,without
21,318.1546314596068,0.0,0.0,73.84812908919976,0.0860190000021248,10,mac,phase-14,without
22,317.56423360371525,0.0,0.0,73.7110895091822,0.0858593750017462,10,mac,phase-14,without
23,314.6444522037832,0.0,0.0,73.03336750732035,0.0850699579968932,10,mac,phase-14,without
24,291.90250070508733,0.0,0.0,67.75464325203872,0.0789212500021676,10,mac,phase-14,without
25,315.9423732511658,0.0,0.0,73.33463309196694,0.0854208750024554,10,mac,phase-14,without
26,312.00345697187805,0.0,0.0,72.42035566488721,0.0843559159984579,10,mac,phase-14,without
27,315.7848733838278,0.0,0.0,73.2980751752038,0.0853782919948571,10,mac,phase-14,without
28,316.48175922730144,0.0,0.0,73.4598321029379,0.0855667079958948,10,mac,phase-14,without
29,318.58722249833687,0.0,0.0,73.94853950511737,0.0861359590053325,10,mac,phase-14,without
0,291.29299505714096,0.0,0.0,62.99496139075435,0.0682530839985702,10,mac,phase-15,without
1,292.5162594046519,0.0,0.0,63.25950427935701,0.0685397080014809,10,mac,phase-15,without
2,289.0799426382046,0.0,0.0,62.51636714354541,0.067734541997197,10,mac,phase-15,without
3,292.75366209526413,0.0,0.0,63.310844934927005,0.0685953340071137,10,mac,phase-15,without
4,297.886977244811,0.0,0.0,64.42097458150106,0.0697981249977601,10,mac,phase-15,without
5,290.82548775033143,0.0,0.0,62.893858359641,0.0681435420046909,10,mac,phase-15,without
6,268.5173277099082,0.0,0.0,58.06950039603958,0.0629164999991189,10,mac,phase-15,without
7,292.0704497581507,0.0,0.0,63.16309357966455,0.068435250002949,10,mac,phase-15,without
8,293.8949497924379,0.0,0.0,63.55765957049728,0.0688627499985159,10,mac,phase-15,without
9,293.04956393422503,0.0,0.0,63.37483660392384,0.068664666992845,10,mac,phase-15,without
10,290.9037299843468,0.0,0.0,62.91077900859089,0.0681618750022607,10,mac,phase-15,without
11,291.32144445247934,0.0,0.0,63.001113850962255,0.0682597499981056,10,mac,phase-15,without
12,291.6738994667166,0.0,0.0,63.077335697661645,0.0683423340014997,10,mac,phase-15,without
13,292.62811511187584,0.0,0.0,63.28369417090083,0.0685659169976133,10,mac,phase-15,without
14,291.9456155250125,0.0,0.0,63.136096954856455,0.0684059999985038,10,mac,phase-15,without
15,288.2672740442093,0.0,0.0,62.34061960559938,0.0675441249986761,10,mac,phase-15,without
16,293.5677518423963,0.0,0.0,63.48689981114927,0.0687860839971108,10,mac,phase-15,without
17,269.05080725191584,0.0,0.0,58.184870568758406,0.0630414999977801,10,mac,phase-15,without
18,292.5950351222772,0.0,0.0,63.27654029935935,0.0685581660000025,10,mac,phase-15,without
19,288.8240474431492,0.0,0.0,62.46102730288279,0.0676745829987339,10,mac,phase-15,without
20,289.09861444034067,0.0,0.0,62.52040510351909,0.0677389170014066,10,mac,phase-15,without
21,292.22515879396974,0.0,0.0,63.19655092297043,0.068471499995212,10,mac,phase-15,without
22,289.8157859281682,0.0,0.0,62.67550045751957,0.0679069580000941,10,mac,phase-15,without
23,289.92461574616726,0.0,0.0,62.69903597090075,0.0679324579978128,10,mac,phase-15,without
24,289.408032574084,0.0,0.0,62.58731980356169,0.0678114170004846,10,mac,phase-15,without
25,291.7665414108356,0.0,0.0,63.09737042486749,0.0683640410061343,10,mac,phase-15,without
26,292.56711921054875,0.0,0.0,63.27050321020389,0.0685516250014188,10,mac,phase-15,without
27,293.90632783646987,0.0,0.0,63.560120183888806,0.0688654159966972,10,mac,phase-15,without
28,265.84672909821063,0.0,0.0,57.491957306130764,0.0622907500001019,10,mac,phase-15,without
29,296.77573933170015,0.0,0.0,64.18065850586514,0.0695377499941969,10,mac,phase-15,without
0,298.5621379017781,0.0,0.0,65.17760957180526,0.0699610410010791,10,mac,phase-12,without
1,293.7520815286884,0.0,0.0,64.12755018213558,0.0688339170010294,10,mac,phase-12,without
2,289.85563047951763,0.0,0.0,63.27693540899896,0.0679208750007092,10,mac,phase-12,without
3,291.0702814766676,0.0,0.0,63.54209980330101,0.068205499999749,10,mac,phase-12,without
4,297.6933418060511,0.0,0.0,64.98794703414137,0.0697574589939904,10,mac,phase-12,without
5,272.9803182380672,0.0,0.0,59.59297025385459,0.0639665410053567,10,mac,phase-12,without
6,293.15729192518216,0.0,0.0,63.99770463364393,0.0686945419947733,10,mac,phase-12,without
7,291.59732372815654,0.0,0.0,63.65715576564372,0.0683290000015404,10,mac,phase-12,without
8,289.71177993007666,0.0,0.0,63.2455321138121,0.0678871669952059,10,mac,phase-12,without
9,288.3285607864271,0.0,0.0,62.943568449127,0.0675630420009838,10,mac,phase-12,without
10,287.9739957844177,0.0,0.0,62.86616513392031,0.0674799580010585,10,mac,phase-12,without
11,292.9851689308829,0.0,0.0,63.96012932218745,0.0686542090043076,10,mac,phase-12,without
12,294.059699195972,0.0,0.0,64.19470465911147,0.0689059999931487,10,mac,phase-12,without
13,288.9098350378217,0.0,0.0,63.070463528582806,0.0676992500011692,10,mac,phase-12,without
14,291.7097053387855,0.0,0.0,63.68168923392643,0.0683553339986247,10,mac,phase-12,without
15,293.23659577732656,0.0,0.0,64.01501706163273,0.0687131249942467,10,mac,phase-12,without
16,280.4243482266323,0.0,0.0,61.21803927179926,0.0657108750019688,10,mac,phase-12,without
17,295.6641182362926,0.0,0.0,64.54495736876346,0.0692819579999195,10,mac,phase-12,without
18,294.7314796376094,0.0,0.0,64.34135769305185,0.0690634159982437,10,mac,phase-12,without
19,292.6675907282371,0.0,0.0,63.890800410470675,0.0685797919941251,10,mac,phase-12,without
20,291.79132220494307,0.0,0.0,63.69950660445531,0.0683744589987327,10,mac,phase-12,without
21,291.3745192657314,0.0,0.0,63.608516435938846,0.068276790996606,10,mac,phase-12,without
22,290.6044059821546,0.0,0.0,63.440396850261365,0.0680963329941732,10,mac,phase-12,without
23,290.49878844398484,0.0,0.0,63.41734001286348,0.0680715839989716,10,mac,phase-12,without
24,291.0869974835,0.0,0.0,63.54574899128773,0.0682094170042546,10,mac,phase-12,without
25,290.73012372139635,0.0,0.0,63.46784166219275,0.0681257920005009,10,mac,phase-12,without
26,287.31287997933134,0.0,0.0,62.7218402435357,0.0673250410036416,10,mac,phase-12,without
27,271.03076122136986,0.0,0.0,59.1673721958916,0.0635097080012201,10,mac,phase-12,without
28,292.54952051034445,0.0,0.0,63.865025090740104,0.0685521250052261,10,mac,phase-12,without
29,291.9493964926538,0.0,0.0,63.734015012923166,0.0684115000040037,10,mac,phase-12,without
0,370.44916321321614,0.0,0.0,65.64209549207466,0.0671277500005089,10,mac,phase-24,without
1,371.36386610958994,0.0,0.0,65.80417715086381,0.0672934999965946,10,mac,phase-24,without
2,368.962830282296,0.0,0.0,65.3787232999547,0.0668584169980022,10,mac,phase-24,without
3,368.9108618969243,0.0,0.0,65.36951471196507,0.0668489999952726,10,mac,phase-24,without
4,376.83391647843223,0.0,0.0,66.77344798290869,0.0682847079951898,10,mac,phase-24,without
5,379.53434024077234,0.0,0.0,67.25195216669212,0.068774041996221,10,mac,phase-24,without
6,377.5320155936468,0.0,0.0,66.8971483265304,0.0684112080052727,10,mac,phase-24,without
7,373.23696245052207,0.0,0.0,66.13608225711602,0.0676329169946257,10,mac,phase-24,without
8,381.6909531277366,0.0,0.0,67.63409525978926,0.0691648339998209,10,mac,phase-24,without
9,336.48949708535804,0.0,0.0,59.62457981594719,0.0609740420040907,10,mac,phase-24,without
10,375.5701640445277,0.0,0.0,66.54951615586617,0.0680557079977006,10,mac,phase-24,without
11,374.0240484961872,0.0,0.0,66.27555072539892,0.067775542003801,10,mac,phase-24,without
12,371.35052776493495,0.0,0.0,65.80181365006399,0.0672910830035107,10,mac,phase-24,without
13,370.73061027987507,0.0,0.0,65.69196677553322,0.0671787500032223,10,mac,phase-24,without
14,394.8672224542054,0.0,0.0,69.96887696601637,0.0715524580009514,10,mac,phase-24,without
15,365.1862909781526,0.0,0.0,64.70953578855121,0.0661740840005222,10,mac,phase-24,without
16,371.5834610794553,0.0,0.0,65.84308849258868,0.0673332920050597,10,mac,phase-24,without
17,386.614659576844,0.0,0.0,68.50655615591829,0.0700570409971987,10,mac,phase-24,without
18,386.60155849554985,0.0,0.0,68.50423469722772,0.0700546669977484,10,mac,phase-24,without
19,362.7040769916651,0.0,0.0,64.26969749570833,0.0657242910019704,10,mac,phase-24,without
20,365.19778618521207,0.0,0.0,64.71157269281348,0.0661761670053238,10,mac,phase-24,without
21,379.3593519471741,0.0,0.0,67.2209449478372,0.0687423330018646,10,mac,phase-24,without
22,365.1720309643177,0.0,0.0,64.70700897169529,0.0661714999951073,10,mac,phase-24,without
23,376.3324220394227,0.0,0.0,66.6845851938321,0.0681938340057968,10,mac,phase-24,without
24,375.2703236266904,0.0,0.0,66.49638564486882,0.0680013750024954,10,mac,phase-24,without
25,387.82208398640864,0.0,0.0,68.72050688455441,0.0702758339975844,10,mac,phase-24,without
26,379.18068825981504,0.0,0.0,67.18928646405266,0.0687099580027279,10,mac,phase-24,without
27,353.33078643544184,0.0,0.0,62.60878826749005,0.0640257909981301,10,mac,phase-24,without
28,382.47504806500143,0.0,0.0,67.7730337157446,0.0693069170010858,10,mac,phase-24,without
29,362.6224518506248,0.0,0.0,64.25523385039665,0.0657095000060508,10,mac,phase-24,without
0,289.20382575590736,0.0996796274434423,0.0,62.69848566192523,0.0674275420024059,10,mac,phase-23,without
1,293.9195168609384,0.1013049805357094,0.0,63.720832756961265,0.0685270000030868,10,mac,phase-23,without
2,293.63447150195356,0.1012067342033387,0.0,63.65903581390008,0.0684605420028674,10,mac,phase-23,without
3,291.00346139953365,0.1002999062728172,0.0,63.08864104560202,0.067847124999389,10,mac,phase-23,without
4,290.50771376254335,0.1001290373722001,0.0,62.981164507113895,0.0677315420034574,10,mac,phase-23,without
5,268.94209243479787,0.0926960336976555,0.0,58.30580519582532,0.0627035419965977,10,mac,phase-23,without
6,293.7504532056515,0.1012467095148155,0.0,63.684180284818986,0.0684875830047531,10,mac,phase-23,without
7,294.7303336039688,0.1015844440271032,0.0,63.89661529304792,0.0687160410016076,10,mac,phase-23,without
8,287.73462702725806,0.0991732400139906,0.0,62.37996796880009,0.0670849999951315,10,mac,phase-23,without
9,293.6507314665593,0.1012123385109924,0.0,63.662560923414226,0.0684643329950631,10,mac,phase-23,without
10,290.6228033105725,0.1001687051851697,0.0,63.00611556147178,0.0677583750002668,10,mac,phase-23,without
11,292.06412282992403,0.1006654835121521,0.0,63.31858912914369,0.0680944170017028,10,mac,phase-23,without
12,290.22624120801856,0.1000320224751902,0.0,62.920142136894654,0.0676659169985214,10,mac,phase-23,without
13,286.2795480944859,0.0986717192421252,0.0,62.06451140329675,0.0667457500021555,10,mac,phase-23,without
14,290.24715059938825,0.1000392292966641,0.0,62.92467522760175,0.0676707919992622,10,mac,phase-23,without
15,290.5952801459097,0.1001592188002905,0.0,63.00014862538278,0.0677519580058287,10,mac,phase-23,without
16,287.0188825965561,0.0989265450125997,0.0,62.224796812925256,0.0669181249977555,10,mac,phase-23,without
17,294.8216615026295,0.1016159219333511,0.0,63.91641489607788,0.0687373339969781,10,mac,phase-23,without
18,292.6999826596284,0.1008846447586035,0.0,63.45644155316163,0.068242666995502,10,mac,phase-23,without
19,294.47674453414845,0.1014970397061632,0.0,63.84163797517671,0.0686569169993163,10,mac,phase-23,without
20,291.70115300347874,0.1005403790223387,0.0,63.23989840505106,0.0680097910008044,10,mac,phase-23,without
21,291.2361453845984,0.10038010525664,0.0,63.1390862064266,0.0679013750050216,10,mac,phase-23,without
22,290.8948054959841,0.1002624559384136,0.0,63.06508478526217,0.0678217919994494,10,mac,phase-23,without
23,292.993606263265,0.1009858477469893,0.0,63.52009823285628,0.0683111250036745,10,mac,phase-23,without
24,289.21990989831363,0.0996851711506136,0.0,62.701972653735965,0.0674312920018564,10,mac,phase-23,without
25,276.5893870013989,0.095331819968313,0.0,59.9637147600689,0.0644864999994752,10,mac,phase-23,without
26,294.1384413389605,0.1013804370423806,0.0,63.76829489965745,0.0685780419953516,10,mac,phase-23,without
27,282.89311931638207,0.0975045218232015,0.0,61.33034422679377,0.0659562079963507,10,mac,phase-23,without
28,293.29813271570947,0.1010908086106535,0.0,63.586118616101075,0.0683821249986067,10,mac,phase-23,without
29,294.9056550815358,0.1016448719260808,0.0,63.93462444150483,0.068756917004066,10,mac,phase-23,without
0,305.2603840466375,0.0,0.0,70.23005972174292,0.0822855000005802,10,mac,phase-8,without
1,311.8426015201836,0.0,0.0,71.74440468894973,0.0840597919959691,10,mac,phase-8,without
2,309.3793097001562,0.0,0.0,71.17768479775621,0.0833957909999298,10,mac,phase-8,without
3,307.9774835661487,0.0,0.0,70.85517215525161,0.0830179169934126,10,mac,phase-8,without
4,309.9985372950614,0.0,0.0,71.32014806270742,0.0835627089982153,10,mac,phase-8,without
5,317.29333507952543,0.0,0.0,72.99843358823003,0.0855290830004378,10,mac,phase-8,without
6,263.96027579202377,0.0,0.0,60.728305741138506,0.0711527089952142,10,mac,phase-8,without
7,307.5211780361769,0.0,0.0,70.7501917310103,0.0828949160058982,10,mac,phase-8,without
8,307.52566313089267,0.0,0.0,70.75122359916683,0.0828961250008433,10,mac,phase-8,without
9,309.28022911738526,0.0,0.0,71.1548897165438,0.0833690829967963,10,mac,phase-8,without
10,309.2709546995603,0.0,0.0,71.15275598759708,0.0833665829995879,10,mac,phase-8,without
11,307.9507398632547,0.0,0.0,70.84901933638095,0.0830107080037123,10,mac,phase-8,without
12,305.0501624157072,0.0,0.0,70.18169485533174,0.0822288329945877,10,mac,phase-8,without
13,306.4693057610753,0.0,0.0,70.50819160075841,0.0826113750008517,10,mac,phase-8,without
14,263.23315694845485,0.0,0.0,60.56102035961698,0.0709567080048145,10,mac,phase-8,without
15,281.69931878209627,0.0,0.0,64.80945781231267,0.0759344170000986,10,mac,phase-8,without
16,310.20798354982014,0.0,0.0,71.36833454136281,0.0836191669950494,10,mac,phase-8,without
17,307.4975319241093,0.0,0.0,70.74475156271633,0.0828885419978178,10,mac,phase-8,without
18,312.2465028928711,0.0,0.0,71.83732869418587,0.0841686670028138,10,mac,phase-8,without
19,264.4872154298051,0.0,0.0,60.84953667762806,0.0712947499996516,10,mac,phase-8,without
20,307.0058314139288,0.0,0.0,70.63162795415167,0.0827559999961522,10,mac,phase-8,without
21,313.308421210062,0.0,0.0,72.0816400779537,0.0844549160028691,10,mac,phase-8,without
22,309.2122178896617,0.0,0.0,71.1392426400334,0.0833507499992265,10,mac,phase-8,without
23,308.3093523143448,0.0,0.0,70.93152389698967,0.0831073750014184,10,mac,phase-8,without
24,287.64237234819007,0.0,0.0,66.17675284530496,0.077536416996736,10,mac,phase-8,without
25,306.2275548020647,0.0,0.0,70.45257290545298,0.0825462089997017,10,mac,phase-8,without
26,307.19379440968873,0.0,0.0,70.67487186363874,0.0828066670001135,10,mac,phase-8,without
27,303.97726690862385,0.0,0.0,69.9348579925237,0.0819396250008139,10,mac,phase-8,without
28,311.54442867805176,0.0,0.0,71.67580523220816,0.0839794170024106,10,mac,phase-8,without
29,307.42689047443804,0.0,0.0,70.72849936135475,0.0828695000018342,10,mac,phase-8,without
0,315.89567899052815,0.0,0.0,70.69041793477467,0.0832259160015382,10,mac,phase-1,without
1,265.85174216063353,0.0,0.0,59.491699354921,0.0700413340018712,10,mac,phase-1,without
2,312.32888500652234,0.0,0.0,69.8922488739558,0.0822862080021877,10,mac,phase-1,without
3,314.376318158851,0.0,0.0,70.35041881693866,0.0828256250024424,10,mac,phase-1,without
4,315.90675086282243,0.0,0.0,70.69289557322259,0.0832288329984294,10,mac,phase-1,without
5,299.2312370810115,0.0,0.0,66.96128695394593,0.078835500004061,10,mac,phase-1,without
6,317.14049354538116,0.0,0.0,70.96897971002608,0.0835538750034174,10,mac,phase-1,without
7,317.43117509131514,0.0,0.0,71.03402776650366,0.0836304580006981,10,mac,phase-1,without
8,312.8783039921803,0.0,0.0,70.01519660733908,0.0824309579984401,10,mac,phase-1,without
9,268.2657658886426,0.0,0.0,60.03190410473824,0.0706773330020951,10,mac,phase-1,without
10,312.72885063157213,0.0,0.0,69.98175227357386,0.0823915829969337,10,mac,phase-1,without
11,301.8543398759503,0.0,0.0,67.54827894273366,0.0795265830020071,10,mac,phase-1,without
12,297.0645600830759,0.0,0.0,66.47643289388668,0.0782646670049871,10,mac,phase-1,without
13,320.132881830413,0.0,0.0,71.63860956747773,0.0843422500038286,10,mac,phase-1,without
14,305.29682664515053,0.0,0.0,68.31863081721116,0.0804335410066414,10,mac,phase-1,without
15,306.0025007629592,0.0,0.0,68.47654496935486,0.080619458000001,10,mac,phase-1,without
16,317.616212578826,0.0,0.0,71.07543503540818,0.0836792080008308,10,mac,phase-1,without
17,313.46473429199887,0.0,0.0,70.14642664858644,0.0825854590002563,10,mac,phase-1,without
18,315.381214024097,0.0,0.0,70.57529213246538,0.0830903749956633,10,mac,phase-1,without
19,317.8055239782236,0.0,0.0,71.1177987106126,0.083729084006336,10,mac,phase-1,without
20,312.42836494049845,0.0,0.0,69.91451026775316,0.0823124169983202,10,mac,phase-1,without
21,310.49337764575245,0.0,0.0,69.48150320351859,0.0818026249980903,10,mac,phase-1,without
22,319.06867904096777,0.0,0.0,71.40046468308539,0.0840618750007706,10,mac,phase-1,without
23,315.95309183579826,0.0,0.0,70.70326565095722,0.0832410419970983,10,mac,phase-1,without
24,314.0385061273956,0.0,0.0,70.27482400740125,0.0827366250014165,10,mac,phase-1,without
25,314.3986175247909,0.0,0.0,70.35540891842726,0.0828314999962458,10,mac,phase-1,without
26,311.0146443837262,0.0,0.0,69.59815109082307,0.0819399579995661,10,mac,phase-1,without
27,312.9080390484739,0.0,0.0,70.02185065073537,0.0824387920001754,10,mac,phase-1,without
28,316.7443235347586,0.0,0.0,70.88032568438815,0.0834495000017341,10,mac,phase-1,without
29,312.2983604376832,0.0,0.0,69.88541815523429,0.0822781659953761,10,mac,phase-1,without
0,411.18397650340427,1.167188903294335,11.571844269803837,72.9993288374657,0.0697049590016831,10,mac,phase-30,without
1,411.5723141966685,1.1682912406231467,11.582773157035197,73.06827216354479,0.0697707910003373,10,mac,phase-30,without
2,418.1105355683403,1.1868506686854754,11.766776629538857,74.22903182150016,0.0708791670040227,10,mac,phase-30,without
3,400.7175640493484,1.1374788922730896,11.277290731964632,71.14117986245122,0.067930666002212,10,mac,phase-30,without
4,418.00361764476526,1.1865471709299906,11.763767666077335,74.2100502047357,0.0708610420042532,10,mac,phase-30,without
5,413.635956981174,1.1741491074080366,11.64084972201682,73.43463988903406,0.0701206250014365,10,mac,phase-30,without
6,420.48804217203855,1.1935994708857542,11.83368618278162,74.6511211933976,0.0712822080022306,10,mac,phase-30,without
7,410.6007148882734,1.1655332539407597,11.555429689069816,72.89577979646637,0.0696060830014175,10,mac,phase-30,without
8,403.7262610147389,1.146019394607937,11.36196371225583,71.67532727990782,0.0684407080043456,10,mac,phase-30,without
9,412.53777277014586,1.1710317961845178,11.609943807886506,73.2396743385117,0.0699344580061733,10,mac,phase-30,without
10,429.4455521502114,1.2190263037516138,12.085775068623144,76.24138796892237,0.0728007079960662,10,mac,phase-30,without
11,395.8983941476386,1.1237991723574494,11.14166608022957,70.28561109401305,0.0671137079989421,10,mac,phase-30,without
12,445.29103640889906,1.264005375045537,12.53171043259432,79.05450759927656,0.0754868750009336,10,mac,phase-30,without
13,399.63216866892594,1.1343978834884354,11.246744730585345,70.94848477017672,0.0677466670022113,10,mac,phase-30,without
14,414.6867020803303,1.1771317577300535,11.670420569495102,73.62118336203106,0.0702987499971641,10,mac,phase-30,without
15,410.0169695614531,1.163876231520751,11.539001495362871,72.79214487996926,0.0695071250011096,10,mac,phase-30,without
16,398.8161474353609,1.1320815215115678,11.223779656128972,70.80361287396634,0.0676083329963148,10,mac,phase-30,without
17,419.9141303132871,1.191970361797652,11.817534729822436,74.54923205643028,0.0711849169965717,10,mac,phase-30,without
18,416.0722109489615,1.1810646701714236,11.709412587128114,73.86715894300704,0.0705336250030086,10,mac,phase-30,without
19,392.7186344103601,1.1147730903781512,11.052178924606242,69.72109413822209,0.0665746669983491,10,mac,phase-30,without
20,413.00550991309615,1.1723595171904595,11.623107213288268,73.32271380371188,0.0700137500025448,10,mac,phase-30,without
21,403.1911817621741,1.144500515951021,11.34690511528584,71.58033226905101,0.0683500000013737,10,mac,phase-30,without
22,423.6343845134346,1.202530694077065,11.922232881278331,75.20970540956273,0.0718155840004328,10,mac,phase-30,without
23,393.78461647064967,1.1177989924146583,11.082178581939614,69.91034269701963,0.0667553750026854,10,mac,phase-30,without
24,401.4849191657379,1.1396571103650306,11.29888620847616,71.27741184540147,0.0680607500034966,10,mac,phase-30,without
25,426.8551889258219,1.2116732856775156,12.012875146574226,75.78150920994518,0.0723615829992923,10,mac,phase-30,without
26,413.6236695024976,1.1741142281092791,11.640503918683429,73.43245843803464,0.070118541996635,10,mac,phase-30,without
27,404.8104353128579,1.1490969372222244,11.392475349031768,71.86780558798426,0.0686245000033523,10,mac,phase-30,without
28,414.91553298984866,1.1777813183004626,11.676860498578872,73.66180873599178,0.0703375419980147,10,mac,phase-30,without
29,391.62585952955607,1.111671134106607,11.021425243856932,69.5270889302675,0.0663894170065759,10,mac,phase-30,without
0,289.2120689785326,0.0,0.0,63.59671948096083,0.06825262500206,10,mac,phase-6,without
1,291.15596541819224,0.0,0.0,64.0241754893138,0.0687113749954733,10,mac,phase-6,without
2,291.12877419678506,0.0,0.0,64.01819623510673,0.0687049580010352,10,mac,phase-6,without
3,289.13703351517285,0.0,0.0,63.58021944577464,0.0682349170019733,10,mac,phase-6,without
4,287.799607294358,0.0,0.0,63.286124111191775,0.0679192909956327,10,mac,phase-6,without
5,291.371363998525,0.0,0.0,64.07154088156179,0.0687622080004075,10,mac,phase-6,without
6,289.56394921064606,0.0,0.0,63.67409670969008,0.068335667005158,10,mac,phase-6,without
7,292.13638840929866,0.0,0.0,64.23976706596653,0.0689427499964949,10,mac,phase-6,without
8,283.5650571496894,0.0,0.0,62.35496138817781,0.0669199580006534,10,mac,phase-6,without
9,287.130631504071,0.0,0.0,63.13901868151625,0.0677614160013035,10,mac,phase-6,without
10,289.67976939419503,0.0,0.0,63.699565161782736,0.0683629999984987,10,mac,phase-6,without
11,292.1418630957887,0.0,0.0,64.2409709303218,0.0689440419955644,10,mac,phase-6,without
12,293.0022242707416,0.0,0.0,64.43016133475076,0.0691470829988247,10,mac,phase-6,without
13,293.2524074633523,0.0,0.0,64.4851757412225,0.0692061250010738,10,mac,phase-6,without
14,292.1868810008963,0.0,0.0,64.2508702097428,0.0689546659996267,10,mac,phase-6,without
15,297.1340223092222,0.0,0.0,65.33872923004402,0.0701221670024097,10,mac,phase-6,without
16,289.3466056584585,0.0,0.0,63.62630362495372,0.0682843749964376,10,mac,phase-6,without
17,290.05283648513034,0.0,0.0,63.78160130644845,0.0684510419960133,10,mac,phase-6,without
18,292.61538991766724,0.0,0.0,64.34509781743297,0.069055791995197,10,mac,phase-6,without
19,263.23624764234796,0.0,0.0,57.884727486160926,0.0621224589995108,10,mac,phase-6,without
20,291.45399282192466,0.0,0.0,64.08971066998504,0.068781707996095,10,mac,phase-6,without
21,292.67577253005464,0.0,0.0,64.35837574208907,0.0690700419945642,10,mac,phase-6,without
22,292.25150521505736,0.0,0.0,64.26508084775038,0.0689699169961386,10,mac,phase-6,without
23,288.79928071261065,0.0,0.0,63.50594878924803,0.0681552090027253,10,mac,phase-6,without
24,290.00304733298486,0.0,0.0,63.77065284654021,0.0684392920011305,10,mac,phase-6,without
25,290.2530483145524,0.0,0.0,63.82562718544269,0.06849829100247,10,mac,phase-6,without
26,293.6300636211133,0.0,0.0,64.56822100558581,0.0692952499957755,10,mac,phase-6,without
27,289.9055876714127,0.0,0.0,63.749221808825894,0.0684162920006201,10,mac,phase-6,without
28,284.5073479632638,0.0,0.0,62.5621678327499,0.0671423339954344,10,mac,phase-6,without
29,296.6712669039547,0.0,0.0,65.23697093966203,0.0700129590040887,10,mac,phase-6,without
0,302.5242036763287,0.0,0.0,63.689306037121824,0.0675712500014924,10,mac,phase-7,without
1,302.7327655579679,0.0,0.0,63.733213801677465,0.0676178339999751,10,mac,phase-7,without
2,316.69315087742956,0.0,0.0,66.67224228998516,0.0707360000014887,10,mac,phase-7,without
3,307.5654342587211,0.0,0.0,64.75061773867812,0.0686972499970579,10,mac,phase-7,without
4,306.4536190758211,0.0,0.0,64.51655138438339,0.0684489170016604,10,mac,phase-7,without
5,300.7051879657525,0.0,0.0,63.30635536121105,0.0671649579962831,10,mac,phase-7,without
6,307.374413716436,0.0,0.0,64.71040288767074,0.0686545839998871,10,mac,phase-7,without
7,310.5906561688394,0.0,0.0,65.38750656186093,0.0693729580016224,10,mac,phase-7,without
8,308.0642609293506,0.0,0.0,64.85563387986328,0.0688086670052143,10,mac,phase-7,without
9,304.84745437059416,0.0,0.0,64.17841144644088,0.068090167005721,10,mac,phase-7,without
10,302.7420869129773,0.0,0.0,63.73517619220574,0.0676199160006945,10,mac,phase-7,without
11,305.72011556246974,0.0,0.0,64.3621295920989,0.0682850830053212,10,mac,phase-7,without
12,312.60610523015094,0.0,0.0,65.81181162740019,0.0698231249989476,10,mac,phase-7,without
13,308.66251527816155,0.0,0.0,64.98158216382348,0.068942291996791,10,mac,phase-7,without
14,307.0794838197012,0.0,0.0,64.64831238309499,0.0685887090003234,10,mac,phase-7,without
15,309.8218998360231,0.0,0.0,65.22566312337328,0.0692012500003329,10,mac,phase-7,without
16,306.41127454986776,0.0,0.0,64.50763674734058,0.0684394590061856,10,mac,phase-7,without
17,309.1954754486052,0.0,0.0,65.0937843049695,0.0690613330007181,10,mac,phase-7,without
18,306.76198031973763,0.0,0.0,64.58146954099739,0.0685177920022397,10,mac,phase-7,without
19,296.2609044530781,0.0,0.0,62.37071672696381,0.0661722910008393,10,mac,phase-7,without
20,307.906254599804,0.0,0.0,64.82236938943242,0.0687733750019106,10,mac,phase-7,without
21,308.04205891249177,0.0,0.0,64.8509597710509,0.0688037080035428,10,mac,phase-7,without
22,307.9202455579482,0.0,0.0,64.82531485430489,0.068776499996602,10,mac,phase-7,without
23,308.26330444060716,0.0,0.0,64.89753777696993,0.068853124997986,10,mac,phase-7,without
24,304.56744666191145,0.0,0.0,64.11946245513926,0.0680276249986491,10,mac,phase-7,without
25,312.2052199573735,0.0,0.0,65.72741472786811,0.0697335840013693,10,mac,phase-7,without
26,307.5005161295389,0.0,0.0,64.73695076411346,0.0686827500030631,10,mac,phase-7,without
27,318.98524529080635,0.0,0.0,67.15478848227502,0.0712479579960927,10,mac,phase-7,without
28,329.1152803585185,0.0,0.0,69.28742744389862,0.0735105840067262,10,mac,phase-7,without
29,277.68144008298685,0.0,0.0,58.4592505437867,0.0620224159938516,10,mac,phase-7,without
0,353.3303920568681,0.0,0.0,69.15518081324026,0.075606708000123,10,mac,phase-9,without
1,314.38863582784177,0.0,0.0,61.53335078178913,0.0672738329958519,10,mac,phase-9,without
2,317.2772995012459,0.0,0.0,62.098731125891405,0.067891958002292,10,mac,phase-9,without
3,321.3954204399756,0.0,0.0,62.904745566004465,0.0687731660000281,10,mac,phase-9,without
4,319.5576625612702,0.0,0.0,62.54505253860031,0.0683799170001293,10,mac,phase-9,without
5,331.31404809256026,0.0,0.0,64.84605744902893,0.0708955840018461,10,mac,phase-9,without
6,331.38667532066586,0.0,0.0,64.86027232893883,0.0709111249962006,10,mac,phase-9,without
7,318.43373701362606,0.0,0.0,62.32507351552368,0.0681394160055788,10,mac,phase-9,without
8,336.7251033504346,0.0,0.0,65.90512995782265,0.0720534580032108,10,mac,phase-9,without
9,304.5621182908196,0.0,0.0,59.610067044204875,0.0651711249956861,10,mac,phase-9,without
10,322.1328293892706,0.0,0.0,63.0490740765663,0.0689309590015909,10,mac,phase-9,without
11,346.8411718814985,0.0,0.0,67.88508572758349,0.0742181250025169,10,mac,phase-9,without
12,320.85566267461155,0.0,0.0,62.799102103969375,0.0686576669977512,10,mac,phase-9,without
13,374.90570573356854,0.0,0.0,73.37798403639027,0.0802234590009902,10,mac,phase-9,without
14,386.9158076380404,0.0,0.0,75.72864728942714,0.0827934170010848,10,mac,phase-9,without
15,335.4308044090277,0.0,0.0,65.65180480003387,0.0717764999935752,10,mac,phase-9,without
16,388.6902847933515,0.0,0.0,76.07595477070589,0.0831731250000302,10,mac,phase-9,without
17,387.62594807984937,0.0,0.0,75.86763870301657,0.0829453750047832,10,mac,phase-9,without
18,390.1639250154146,0.0,0.0,76.36438129245846,0.0834884590003639,10,mac,phase-9,without
19,383.6162843317429,0.0,0.0,75.08285192063312,0.0820873750053579,10,mac,phase-9,without
20,388.70488876434206,0.0,0.0,76.07881311597464,0.0831762500019976,10,mac,phase-9,without
21,391.1120095675774,0.0,0.0,76.54994404082375,0.083691333005845,10,mac,phase-9,without
22,385.3631097374103,0.0,0.0,75.42474729531305,0.0824611659991205,10,mac,phase-9,without
23,381.9621437858659,0.0,0.0,74.7590971825402,0.0817334169987589,10,mac,phase-9,without
24,385.6555815460515,0.0,0.0,75.48199100053641,0.0825237500030198,10,mac,phase-9,without
25,356.2938326643222,0.0,0.0,69.73519678595287,0.0762408340015099,10,mac,phase-9,without
26,391.34392044465426,0.0,0.0,76.5953345280203,0.0837409579980885,10,mac,phase-9,without
27,326.9782229625547,0.0,0.0,63.99743310880556,0.0699677910015452,10,mac,phase-9,without
28,396.7662756507644,0.0,0.0,77.65661870606465,0.0849012499966193,10,mac,phase-9,without
29,327.27049847477355,0.0,0.0,64.05463839413953,0.0700303330013412,10,mac,phase-9,without
